Lifestyle,Entertainment,Business,SocialMedia,Tech,World
692.0,3900.0,2000.0,23600.0,2200.0,1200.0
753.0,535.0,5400.0,2200.0,10100.0,863.0
1200.0,2300.0,864.0,403.0,642.0,844.0
420.0,705.0,5200.0,1100.0,3700.0,2200.0
4100.0,1700.0,2000.0,1500.0,1400.0,3000.0
774.0,18100.0,823.0,1200.0,1100.0,4300.0
2000.0,4300.0,1400.0,1700.0,3000.0,1100.0
732.0,11100.0,3300.0,2000.0,1400.0,1700.0
1300.0,484.0,746.0,819.0,1300.0,927.0
1500.0,1900.0,2400.0,857.0,1700.0,1500.0
6000.0,1300.0,566.0,6300.0,895.0,4600.0
1200.0,3400.0,1500.0,2000.0,1100.0,1300.0
734.0,1100.0,16700.0,3500.0,1400.0,863.0
1300.0,1400.0,1600.0,2500.0,664.0,2000.0
496.0,1300.0,1400.0,12700.0,659.0,3700.0
1400.0,726.0,709.0,1100.0,11800.0,251.0
1100.0,629.0,1100.0,2000.0,4500.0,1400.0
1300.0,928.0,9400.0,1100.0,1800.0,1500.0
3600.0,1900.0,2500.0,2300.0,1800.0,1000.0
2400.0,1200.0,690.0,4700.0,1300.0,1000.0
2400.0,451.0,701.0,32000.0,988.0,695.0
1200.0,11400.0,753.0,1500.0,2100.0,2200.0
1300.0,1100.0,2100.0,1400.0,6900.0,915.0
2100.0,1200.0,1300.0,1400.0,1500.0,1700.0
3700.0,1500.0,1000.0,2000.0,6800.0,3000.0
948.0,2000.0,2700.0,3800.0,1200.0,736.0
1000.0,589.0,1200.0,3400.0,1300.0,2600.0
2200.0,996.0,5600.0,3200.0,1700.0,1200.0
993.0,1200.0,4700.0,37500.0,1300.0,1100.0
1300.0,788.0,15700.0,1200.0,1200.0,26900.0
5900.0,1900.0,15500.0,2600.0,1300.0,2400.0
1200.0,475.0,717.0,1900.0,1000.0,775.0
14900.0,2000.0,2200.0,883.0,1600.0,900.0
4100.0,992.0,799.0,1500.0,1200.0,699.0
2800.0,812.0,2600.0,2500.0,13300.0,1600.0
2300.0,890.0,602.0,1800.0,7500.0,1700.0
1100.0,24200.0,1300.0,4700.0,1500.0,2200.0
13700.0,730.0,2200.0,1800.0,1200.0,1100.0
11300.0,751.0,1200.0,1400.0,2000.0,889.0
826.0,1400.0,1000.0,1800.0,1900.0,1100.0
1700.0,657.0,1100.0,4000.0,2200.0,1100.0
3700.0,898.0,1500.0,2100.0,4000.0,1600.0
41700.0,4200.0,3600.0,3700.0,873.0,846.0
833.0,523.0,950.0,2500.0,8100.0,1500.0
1600.0,882.0,1100.0,5400.0,1900.0,1500.0
896.0,1100.0,1200.0,539.0,1300.0,1600.0
7300.0,1400.0,945.0,2800.0,2000.0,1100.0
847.0,1300.0,2700.0,2800.0,885.0,865.0
584.0,777.0,759.0,1600.0,1400.0,3800.0
1100.0,1100.0,4000.0,1400.0,1500.0,1600.0
583.0,3000.0,1100.0,3000.0,943.0,731.0
1600.0,3400.0,1800.0,1600.0,2900.0,1500.0
825.0,915.0,956.0,4100.0,1700.0,823.0
4200.0,2200.0,3000.0,873.0,2200.0,2600.0
2300.0,4200.0,1500.0,1100.0,1800.0,1000.0
765.0,1200.0,372.0,2300.0,2500.0,1500.0
35800.0,2500.0,2200.0,3600.0,1400.0,1600.0
2200.0,2600.0,759.0,5600.0,1500.0,1000.0
1200.0,1100.0,2300.0,2400.0,2500.0,4300.0
5200.0,907.0,3500.0,3700.0,1600.0,139.0
1500.0,1500.0,769.0,1100.0,5900.0,1400.0
2100.0,1200.0,802.0,2500.0,7700.0,845.0
4700.0,530.0,1700.0,1600.0,1200.0,1200.0
944.0,1600.0,4700.0,2800.0,4700.0,4100.0
1300.0,98000.0,1100.0,2600.0,1100.0,1300.0
1200.0,1200.0,845.0,3600.0,2600.0,1300.0
611.0,3200.0,2000.0,1200.0,1200.0,910.0
1800.0,4800.0,926.0,4000.0,2300.0,9300.0
1600.0,988.0,1200.0,2600.0,2400.0,1500.0
4100.0,1000.0,1000.0,1400.0,3400.0,902.0
2400.0,1400.0,3500.0,1600.0,2500.0,1100.0
939.0,6400.0,6900.0,4600.0,525.0,1100.0
5900.0,693.0,4700.0,1500.0,733.0,731.0
2500.0,1800.0,1300.0,1800.0,976.0,734.0
1400.0,1400.0,712.0,2100.0,620.0,877.0
5500.0,1100.0,1800.0,2300.0,3100.0,1100.0
2000.0,5100.0,563.0,762.0,3900.0,3900.0
1200.0,2000.0,1200.0,2200.0,1500.0,914.0
1100.0,4200.0,1900.0,2300.0,2700.0,1100.0
6600.0,1100.0,669.0,1600.0,1400.0,1200.0
2900.0,790.0,1800.0,2600.0,1200.0,1100.0
1700.0,701.0,5400.0,2800.0,2700.0,1600.0
5600.0,1400.0,5500.0,412.0,2700.0,1600.0
14800.0,638.0,1100.0,1500.0,1300.0,2300.0
3000.0,898.0,10100.0,2200.0,1000.0,2200.0
1200.0,1500.0,2300.0,851.0,1400.0,3000.0
456.0,411.0,1600.0,5000.0,1800.0,2200.0
906.0,1100.0,6700.0,2600.0,1800.0,851.0
1600.0,4800.0,5000.0,948.0,2800.0,1000.0
1500.0,1100.0,970.0,2000.0,931.0,20000.0
6700.0,841.0,2700.0,1700.0,874.0,6800.0
548.0,876.0,989.0,11100.0,1400.0,1000.0
468.0,1600.0,26000.0,22300.0,3200.0,1200.0
21000.0,1100.0,925.0,6200.0,624.0,603.0
1100.0,797.0,840.0,1500.0,1100.0,711.0
2000.0,1400.0,1100.0,25300.0,3600.0,960.0
2300.0,1000.0,1500.0,3200.0,1200.0,644.0
2800.0,1000.0,1000.0,1200.0,1400.0,931.0
609.0,51900.0,1200.0,1500.0,2100.0,1100.0
8100.0,495.0,156.0,1500.0,4300.0,488.0
963.0,1400.0,1400.0,12700.0,1200.0,2200.0
673.0,497.0,4100.0,4200.0,6200.0,1200.0
9100.0,956.0,854.0,1100.0,1100.0,789.0
2800.0,3200.0,10000.0,3100.0,3100.0,1000.0
2000.0,1700.0,1200.0,2900.0,880.0,1500.0
4300.0,734.0,2200.0,4700.0,2600.0,1600.0
3100.0,1700.0,5100.0,1800.0,1200.0,567.0
1700.0,2200.0,1500.0,2800.0,7200.0,1100.0
12900.0,935.0,2800.0,3600.0,1000.0,431.0
939.0,662.0,4700.0,3300.0,7900.0,975.0
4300.0,17600.0,840.0,1900.0,1000.0,585.0
652.0,2700.0,859.0,1900.0,1100.0,1700.0
2600.0,808.0,1500.0,475.0,3600.0,2200.0
778.0,855.0,19500.0,6800.0,1000.0,2100.0
1300.0,1300.0,780.0,3500.0,2800.0,2100.0
469.0,771.0,1800.0,4600.0,1300.0,860.0
967.0,689.0,2100.0,1300.0,860.0,882.0
2100.0,818.0,2900.0,1200.0,1700.0,842.0
1100.0,974.0,3000.0,2800.0,19100.0,4300.0
5900.0,738.0,969.0,5000.0,6000.0,579.0
1100.0,894.0,1500.0,7800.0,875.0,1500.0
2800.0,1400.0,1600.0,2600.0,22800.0,6200.0
1400.0,1700.0,732.0,3900.0,962.0,459.0
1300.0,820.0,5100.0,1100.0,1600.0,1100.0
2500.0,3100.0,1200.0,6100.0,3200.0,5300.0
5400.0,542.0,886.0,2200.0,1100.0,735.0
1200.0,631.0,717.0,7000.0,1900.0,1000.0
5100.0,6200.0,1100.0,3400.0,705.0,850.0
861.0,1700.0,2000.0,2400.0,1300.0,1200.0
1600.0,1500.0,8100.0,692.0,10400.0,1100.0
4900.0,3900.0,3000.0,719.0,816.0,3100.0
7400.0,1200.0,1500.0,12400.0,1600.0,1200.0
5200.0,606.0,522.0,1300.0,1100.0,1700.0
6700.0,112600.0,1200.0,5000.0,1400.0,989.0
1100.0,1300.0,1500.0,4700.0,1400.0,2100.0
3000.0,1100.0,1300.0,2100.0,822.0,2900.0
633.0,973.0,1100.0,1100.0,991.0,805.0
2000.0,10500.0,1200.0,3900.0,5300.0,1300.0
3100.0,796.0,2600.0,2600.0,6600.0,1400.0
4100.0,815.0,4800.0,3900.0,3100.0,516.0
7400.0,716.0,1200.0,122800.0,2200.0,1400.0
1600.0,18600.0,833.0,2500.0,2400.0,1000.0
2600.0,4400.0,990.0,1700.0,11000.0,1000.0
95.0,2300.0,5700.0,3600.0,834.0,1500.0
723.0,1200.0,755.0,1400.0,70200.0,1200.0
976.0,38700.0,1600.0,1400.0,4800.0,4700.0
6800.0,13200.0,745.0,5000.0,3500.0,2600.0
4500.0,3800.0,3900.0,648.0,937.0,691.0
1100.0,1200.0,1500.0,10000.0,2700.0,4400.0
15400.0,1400.0,1400.0,2500.0,1700.0,5100.0
1200.0,29400.0,1100.0,3300.0,1100.0,18800.0
8600.0,642.0,2300.0,1900.0,708.0,709.0
2000.0,1700.0,9200.0,5600.0,799.0,1000.0
2700.0,946.0,980.0,6800.0,3800.0,1400.0
127.0,1200.0,4300.0,733.0,1400.0,2000.0
3200.0,1700.0,753.0,10300.0,1600.0,841.0
1300.0,1300.0,1700.0,1800.0,3900.0,416.0
828.0,918.0,902.0,1000.0,690.0,1000.0
2400.0,6500.0,1500.0,4100.0,962.0,1100.0
5400.0,732.0,1600.0,3900.0,1600.0,996.0
1200.0,890.0,716.0,2800.0,1700.0,1700.0
12000.0,946.0,612.0,2000.0,3500.0,50.0
2300.0,2000.0,1700.0,1300.0,1200.0,1100.0
944.0,707.0,420.0,636.0,861.0,1400.0
1400.0,1800.0,1500.0,1800.0,887.0,3200.0
3400.0,2100.0,944.0,13900.0,9700.0,2600.0
208300.0,732.0,1400.0,2200.0,2600.0,1100.0
985.0,1500.0,5500.0,1100.0,4700.0,4000.0
1600.0,1100.0,2200.0,2300.0,1800.0,2500.0
7700.0,2500.0,1600.0,1500.0,978.0,679.0
1700.0,2200.0,2800.0,2000.0,2300.0,1500.0
1300.0,346.0,1200.0,2000.0,2200.0,735.0
6100.0,1400.0,758.0,1200.0,825.0,1600.0
1300.0,922.0,893.0,1500.0,2700.0,813.0
3300.0,2800.0,1000.0,992.0,2200.0,775.0
14700.0,642.0,980.0,1200.0,3600.0,1800.0
567.0,2500.0,2800.0,902.0,1200.0,2200.0
1400.0,1000.0,1700.0,3400.0,1200.0,847.0
1800.0,738.0,889.0,5200.0,1400.0,226.0
1400.0,413.0,16700.0,3700.0,1200.0,577.0
1300.0,725.0,1200.0,2300.0,3600.0,22200.0
1100.0,3400.0,1000.0,4400.0,1400.0,2800.0
1100.0,677.0,4900.0,773.0,2600.0,7500.0
4000.0,658.0,839.0,48.0,829.0,776.0
950.0,24100.0,3700.0,5100.0,2100.0,946.0
1200.0,4600.0,1300.0,20200.0,959.0,2200.0
15700.0,1000.0,935.0,3000.0,2600.0,1100.0
12100.0,19200.0,1600.0,8200.0,6900.0,2300.0
2000.0,704.0,2100.0,4800.0,2000.0,1300.0
2000.0,2100.0,1800.0,6300.0,1300.0,1300.0
1200.0,1000.0,4500.0,2900.0,8900.0,143.0
2200.0,2200.0,2100.0,5200.0,5000.0,798.0
2300.0,3000.0,3500.0,558.0,1300.0,2200.0
2300.0,49.0,1400.0,928.0,1300.0,806.0
3000.0,878.0,651.0,4600.0,3200.0,1800.0
1100.0,1700.0,1200.0,1100.0,1700.0,2400.0
3600.0,1000.0,1200.0,2800.0,2600.0,731.0
8800.0,5700.0,886.0,2200.0,3500.0,4500.0
835.0,644.0,880.0,1200.0,2000.0,1600.0
1500.0,942.0,9500.0,1900.0,4200.0,691.0
691.0,875.0,1800.0,3300.0,5200.0,819.0
1000.0,921.0,5300.0,3500.0,1300.0,1200.0
910.0,3100.0,3200.0,3500.0,1500.0,1000.0
763.0,928.0,2000.0,1400.0,903.0,545.0
1200.0,9800.0,5700.0,3900.0,3700.0,1200.0
610.0,5100.0,2500.0,2800.0,1400.0,1000.0
972.0,7200.0,354.0,1800.0,803.0,1100.0
2100.0,560.0,863.0,8700.0,1800.0,1900.0
2300.0,666.0,599.0,1400.0,8700.0,89.0
1400.0,493.0,4000.0,1900.0,7400.0,870.0
2000.0,1100.0,715.0,1200.0,1000.0,129.0
1900.0,654.0,1100.0,1900.0,3000.0,526.0
2900.0,941.0,2500.0,1000.0,5000.0,888.0
1300.0,835.0,809.0,5000.0,1100.0,740.0
2100.0,1100.0,1200.0,1300.0,822.0,2000.0
1800.0,860.0,8000.0,3300.0,531.0,908.0
720.0,1100.0,1600.0,11300.0,653.0,683.0
6600.0,1200.0,1100.0,2300.0,1200.0,1000.0
1800.0,950.0,3400.0,11000.0,2400.0,1000.0
1900.0,1600.0,1200.0,3200.0,1200.0,747.0
2100.0,940.0,1200.0,2600.0,3400.0,885.0
109.0,3800.0,587.0,1600.0,2100.0,1100.0
6800.0,4900.0,1400.0,9000.0,688.0,814.0
2000.0,1200.0,1300.0,4900.0,8900.0,1200.0
16800.0,1100.0,2300.0,8800.0,1400.0,807.0
1400.0,1100.0,5200.0,4200.0,1100.0,673.0
5300.0,832.0,1800.0,1200.0,765.0,1100.0
2800.0,1200.0,903.0,1400.0,1300.0,701.0
1400.0,1200.0,708.0,1100.0,2000.0,1300.0
10800.0,4700.0,2300.0,2100.0,1900.0,1300.0
3100.0,6200.0,1400.0,1800.0,1000.0,4100.0
744.0,1600.0,1000.0,3900.0,1100.0,1500.0
1800.0,968.0,1800.0,5400.0,1000.0,1900.0
3500.0,950.0,3100.0,20000.0,816.0,972.0
1900.0,2200.0,1700.0,1300.0,1300.0,301.0
1600.0,1600.0,1300.0,3600.0,939.0,1000.0
958.0,3800.0,3200.0,546.0,2500.0,4600.0
4000.0,9800.0,1900.0,1300.0,923.0,1100.0
1200.0,1600.0,1700.0,11700.0,5100.0,1000.0
4300.0,2500.0,1500.0,4000.0,2800.0,996.0
1900.0,1200.0,864.0,8700.0,2600.0,616.0
2800.0,1600.0,2100.0,2800.0,2400.0,1000.0
32299.0,4200.0,1300.0,2200.0,1600.0,2400.0
2300.0,770.0,2900.0,4400.0,1300.0,1000.0
2100.0,1700.0,2400.0,14700.0,5500.0,861.0
1200.0,778.0,2100.0,3000.0,1300.0,1300.0
1600.0,2000.0,31700.0,1500.0,595.0,502.0
1600.0,1100.0,705.0,2500.0,1200.0,97.0
3200.0,510.0,1300.0,2800.0,13400.0,462.0
1100.0,558.0,1100.0,13200.0,14200.0,2800.0
6200.0,2200.0,1500.0,1100.0,742.0,1400.0
1400.0,4500.0,2800.0,2800.0,1500.0,361.0
158.0,1100.0,1500.0,6000.0,1100.0,1000.0
1200.0,788.0,4400.0,1200.0,1900.0,439.0
903.0,596.0,3000.0,6400.0,2300.0,761.0
900.0,574.0,2400.0,1200.0,1100.0,827.0
1200.0,865.0,7700.0,9000.0,1000.0,1200.0
508.0,1100.0,2800.0,1300.0,4400.0,4500.0
1000.0,2700.0,1100.0,1200.0,1300.0,3100.0
1200.0,681.0,1100.0,2800.0,916.0,1200.0
872.0,2600.0,1600.0,6300.0,3100.0,1200.0
1400.0,970.0,4900.0,1200.0,1500.0,2200.0
790.0,581.0,56900.0,2000.0,2300.0,1000.0
3900.0,1200.0,1200.0,1500.0,12800.0,762.0
3000.0,1400.0,1500.0,2600.0,659.0,2500.0
407.0,1700.0,943.0,1200.0,5400.0,1100.0
4700.0,875.0,7900.0,1200.0,11200.0,880.0
2000.0,680.0,561.0,14300.0,760.0,1400.0
983.0,634.0,2800.0,1700.0,2100.0,872.0
2200.0,1300.0,1900.0,924.0,1500.0,1200.0
3000.0,742.0,714.0,2900.0,1400.0,1100.0
6000.0,723.0,25300.0,2100.0,9900.0,11200.0
1300.0,1100.0,4800.0,2600.0,1800.0,48800.0
2200.0,922.0,2500.0,8100.0,1400.0,957.0
959.0,1500.0,1100.0,4300.0,16700.0,1300.0
669.0,821.0,1200.0,821.0,5200.0,1600.0
804.0,1200.0,4600.0,2200.0,3800.0,1100.0
1100.0,1900.0,1300.0,15400.0,1100.0,1300.0
2900.0,958.0,1800.0,815.0,1000.0,779.0
1900.0,3700.0,4500.0,5500.0,5200.0,1000.0
683.0,2300.0,2000.0,7100.0,756.0,860.0
2300.0,1200.0,1500.0,1200.0,2200.0,1200.0
1700.0,899.0,3200.0,1900.0,1200.0,130.0
1000.0,1500.0,388.0,8200.0,4000.0,1200.0
20800.0,545.0,1300.0,1000.0,1500.0,3600.0
2000.0,715.0,4300.0,2900.0,5500.0,1400.0
654.0,974.0,25700.0,4700.0,1800.0,937.0
1400.0,1000.0,523.0,10800.0,931.0,954.0
972.0,2300.0,640.0,5000.0,763.0,1100.0
1100.0,1100.0,1400.0,5700.0,1100.0,16500.0
8900.0,1500.0,801.0,1700.0,3200.0,521.0
672.0,2000.0,6300.0,1200.0,11800.0,2800.0
4800.0,5700.0,1400.0,1700.0,5400.0,926.0
2100.0,1100.0,3700.0,1300.0,783.0,2000.0
1200.0,1400.0,1100.0,1800.0,2500.0,1600.0
776.0,1500.0,8700.0,12600.0,1700.0,934.0
1300.0,2100.0,997.0,850.0,1500.0,422.0
2000.0,850.0,2100.0,982.0,3400.0,1600.0
4600.0,19100.0,1100.0,2400.0,3700.0,1600.0
5800.0,4600.0,2100.0,2100.0,14100.0,1400.0
1400.0,1200.0,699.0,1800.0,1300.0,4300.0
2900.0,1100.0,1300.0,14400.0,2900.0,3000.0
8100.0,744.0,2800.0,2100.0,1000.0,559.0
786.0,2300.0,11900.0,3800.0,1300.0,940.0
2200.0,3400.0,3600.0,3300.0,1600.0,1500.0
1600.0,1700.0,752.0,2700.0,1400.0,861.0
6000.0,2400.0,2600.0,1200.0,1400.0,589.0
1100.0,16700.0,2700.0,1500.0,3700.0,9800.0
2300.0,18600.0,940.0,22300.0,3900.0,598.0
3300.0,1700.0,933.0,3100.0,665.0,725.0
1700.0,683.0,682.0,1300.0,2100.0,943.0
3500.0,1200.0,3700.0,3800.0,1600.0,352.0
2700.0,664.0,1500.0,1900.0,543.0,1500.0
2000.0,4500.0,1400.0,4200.0,833.0,912.0
866.0,1100.0,827.0,2200.0,1200.0,1500.0
1200.0,10600.0,3500.0,3000.0,1800.0,642.0
3600.0,2400.0,522.0,2800.0,1600.0,1500.0
908.0,1600.0,1000.0,2500.0,3400.0,1000.0
719.0,1200.0,806.0,1200.0,2700.0,1900.0
4200.0,754.0,729.0,2700.0,2700.0,496.0
29200.0,3700.0,1300.0,1900.0,2400.0,649.0
1600.0,3800.0,1000.0,4200.0,1100.0,3000.0
11100.0,15800.0,1100.0,961.0,816.0,1800.0
684.0,688.0,864.0,1700.0,2300.0,701.0
1000.0,12200.0,1100.0,1800.0,2000.0,752.0
1500.0,693.0,10100.0,1100.0,3200.0,1000.0
782.0,3200.0,1300.0,4800.0,1500.0,485.0
1200.0,490.0,620.0,8500.0,918.0,1500.0
558.0,5900.0,432.0,4400.0,1000.0,1200.0
609.0,1300.0,1400.0,1200.0,971.0,1200.0
1400.0,1100.0,1700.0,1500.0,933.0,59.0
1700.0,704.0,929.0,1500.0,1700.0,6900.0
628.0,865.0,1400.0,1200.0,1100.0,770.0
2100.0,628.0,649.0,7500.0,2800.0,897.0
1300.0,976.0,1200.0,2000.0,814.0,2100.0
1500.0,6700.0,942.0,1300.0,2500.0,1800.0
902.0,906.0,92100.0,3200.0,1700.0,3000.0
5800.0,1200.0,773.0,2700.0,7700.0,914.0
25000.0,728.0,1000.0,1600.0,911.0,793.0
456.0,719.0,633.0,448.0,1400.0,296.0
3200.0,1500.0,2400.0,5200.0,6100.0,820.0
6700.0,1800.0,2100.0,4700.0,1200.0,797.0
12000.0,930.0,1400.0,1400.0,1100.0,884.0
1300.0,1100.0,2500.0,3400.0,1400.0,925.0
1600.0,529.0,957.0,2700.0,1000.0,10000.0
1200.0,1500.0,1000.0,1900.0,10600.0,2300.0
2900.0,4100.0,1200.0,1700.0,1700.0,766.0
1700.0,1500.0,2000.0,3400.0,1400.0,672.0
2800.0,1500.0,1800.0,8200.0,15600.0,667.0
4400.0,9500.0,650.0,6300.0,6900.0,720.0
7300.0,5100.0,1900.0,1000.0,1200.0,2100.0
1200.0,1600.0,681.0,4300.0,914.0,859.0
2200.0,664.0,1200.0,2100.0,1200.0,716.0
809.0,3400.0,1700.0,1700.0,2300.0,2700.0
2400.0,1200.0,1800.0,1000.0,4400.0,9800.0
5500.0,366.0,569.0,6500.0,429.0,505.0
917.0,1400.0,1200.0,2000.0,1600.0,962.0
1500.0,2200.0,2200.0,14800.0,3800.0,1600.0
947.0,1100.0,685.0,3800.0,2100.0,2000.0
1200.0,7800.0,2800.0,1100.0,3500.0,699.0
2500.0,1200.0,4200.0,963.0,4500.0,959.0
1000.0,3500.0,1100.0,2300.0,2600.0,517.0
14700.0,605.0,5400.0,2900.0,3800.0,2500.0
600.0,1300.0,609.0,1300.0,1900.0,2000.0
1200.0,1600.0,1700.0,3000.0,1800.0,1300.0
1400.0,9600.0,4300.0,992.0,2300.0,1200.0
2500.0,979.0,1500.0,1200.0,892.0,1200.0
814.0,954.0,681.0,1100.0,4800.0,1000.0
1300.0,532.0,1300.0,1900.0,2400.0,1000.0
1600.0,1400.0,1400.0,1300.0,1100.0,840.0
1700.0,827.0,2900.0,1700.0,6500.0,5600.0
853.0,911.0,1400.0,2000.0,3600.0,986.0
3100.0,1200.0,1500.0,1300.0,1400.0,1100.0
1700.0,1100.0,1500.0,3000.0,3400.0,671.0
13400.0,1200.0,2600.0,2200.0,1400.0,2800.0
3500.0,1600.0,1000.0,1300.0,1400.0,2100.0
586.0,1100.0,3800.0,2200.0,1600.0,2700.0
1900.0,915.0,2800.0,1300.0,1900.0,1700.0
4800.0,2200.0,872.0,1200.0,2800.0,1000.0
1600.0,1200.0,3600.0,4300.0,4400.0,919.0
11800.0,1500.0,41800.0,12300.0,1300.0,752.0
701.0,912.0,806.0,2000.0,2700.0,661.0
1500.0,14500.0,614.0,8300.0,1100.0,7700.0
1100.0,1500.0,1200.0,5400.0,1000.0,4300.0
8700.0,1000.0,685.0,602.0,3800.0,1300.0
11700.0,1900.0,582.0,2600.0,1600.0,862.0
773.0,1400.0,1200.0,2100.0,978.0,936.0
2400.0,892.0,1300.0,2200.0,2000.0,1300.0
782.0,778.0,4300.0,2600.0,717.0,618.0
1300.0,2100.0,925.0,1900.0,2200.0,532.0
4000.0,855.0,3700.0,9500.0,2400.0,635.0
902.0,1600.0,2300.0,635.0,753.0,1200.0
934.0,1300.0,981.0,930.0,50700.0,1200.0
1900.0,1400.0,3600.0,1600.0,1300.0,777.0
2700.0,8000.0,2400.0,1300.0,1500.0,86.0
990.0,1700.0,1400.0,2900.0,2100.0,1300.0
2500.0,445.0,11800.0,1800.0,1700.0,895.0
483.0,715.0,3000.0,2100.0,2200.0,1300.0
1800.0,1200.0,937.0,7400.0,441.0,146.0
3500.0,2500.0,737.0,5200.0,2800.0,959.0
878.0,940.0,1500.0,1600.0,900.0,1500.0
1300.0,4800.0,1200.0,1100.0,473.0,782.0
864.0,889.0,890.0,1300.0,1200.0,539.0
962.0,641.0,785.0,3700.0,3700.0,1100.0
1200.0,1200.0,1000.0,28400.0,997.0,845.0
78.0,2000.0,735.0,3400.0,1700.0,462.0
3300.0,737.0,2800.0,4200.0,1700.0,552.0
1100.0,2500.0,1900.0,1600.0,2700.0,1400.0
3400.0,1400.0,1300.0,4300.0,1200.0,558.0
2200.0,2400.0,871.0,6500.0,4100.0,890.0
6800.0,1800.0,5800.0,1700.0,6500.0,512.0
1900.0,974.0,1200.0,6400.0,2500.0,3000.0
16300.0,771.0,1700.0,6900.0,1300.0,3600.0
3700.0,6500.0,664.0,2200.0,836.0,2900.0
1700.0,37800.0,1900.0,1200.0,1800.0,1100.0
3600.0,1200.0,1000.0,8000.0,791.0,634.0
29700.0,857.0,3600.0,2000.0,1600.0,7200.0
4400.0,1400.0,2200.0,7500.0,2400.0,4200.0
1300.0,1100.0,1100.0,8100.0,11100.0,860.0
2400.0,349.0,2200.0,1300.0,6200.0,1100.0
1900.0,608.0,1400.0,6500.0,1400.0,2000.0
24800.0,2900.0,1300.0,16300.0,2700.0,1800.0
1300.0,873.0,6400.0,724.0,645.0,902.0
1400.0,896.0,1000.0,3900.0,18800.0,954.0
1100.0,787.0,1100.0,2100.0,3200.0,452.0
3100.0,595.0,10600.0,3900.0,2700.0,589.0
5400.0,8000.0,630.0,4000.0,2100.0,3400.0
859.0,1200.0,2200.0,704.0,962.0,2000.0
3700.0,1300.0,5400.0,5000.0,1400.0,743.0
1700.0,1300.0,620.0,3000.0,1300.0,688.0
2000.0,1000.0,16100.0,1400.0,915.0,949.0
2000.0,2000.0,10800.0,1800.0,4000.0,1000.0
1500.0,1200.0,861.0,2500.0,799.0,395.0
1800.0,897.0,2100.0,1000.0,1800.0,1500.0
2500.0,2300.0,6600.0,1200.0,1500.0,854.0
462.0,784.0,821.0,3600.0,3700.0,930.0
796.0,16200.0,1400.0,5500.0,2600.0,3500.0
768.0,1200.0,2500.0,3400.0,2000.0,2700.0
2400.0,10900.0,1200.0,2300.0,2900.0,1200.0
2000.0,2300.0,425.0,4300.0,10700.0,2000.0
537.0,2100.0,1000.0,903.0,2000.0,1500.0
1300.0,2000.0,1400.0,1900.0,2400.0,1300.0
1100.0,830.0,1000.0,825.0,696.0,1300.0
1400.0,3400.0,813.0,3700.0,1400.0,1100.0
1400.0,725.0,3500.0,1500.0,2600.0,2000.0
817.0,1100.0,3300.0,951.0,3500.0,1000.0
1300.0,1500.0,941.0,47700.0,802.0,1300.0
1500.0,32200.0,1100.0,2300.0,1800.0,738.0
2900.0,7600.0,397.0,3400.0,1900.0,4700.0
932.0,621.0,2400.0,15200.0,5100.0,958.0
3300.0,1400.0,1100.0,4500.0,3000.0,3400.0
1300.0,2700.0,1500.0,2600.0,503.0,1000.0
671.0,1300.0,1700.0,1400.0,954.0,1200.0
16400.0,571.0,1100.0,8900.0,1200.0,904.0
7900.0,658.0,3300.0,5000.0,1600.0,3900.0
2000.0,1100.0,3500.0,1100.0,1100.0,1900.0
1100.0,1200.0,2300.0,2500.0,3800.0,165.0
840.0,1100.0,2900.0,3600.0,673.0,5100.0
941.0,7600.0,5300.0,3200.0,4200.0,1300.0
1200.0,5100.0,996.0,1500.0,2900.0,1800.0
5100.0,576.0,1800.0,1900.0,2000.0,1200.0
1300.0,706.0,1000.0,53.0,1900.0,1100.0
1900.0,946.0,1400.0,2800.0,1200.0,952.0
1200.0,1300.0,1500.0,1400.0,2000.0,1500.0
39900.0,1700.0,1100.0,4100.0,1200.0,1300.0
41000.0,1200.0,1800.0,1900.0,10300.0,2300.0
1700.0,1400.0,1600.0,1100.0,1000.0,950.0
649.0,536.0,6100.0,1200.0,2000.0,815.0
3400.0,1000.0,2400.0,1500.0,3400.0,799.0
1400.0,880.0,2100.0,2000.0,1800.0,1400.0
852.0,724.0,485.0,1200.0,577.0,806.0
1100.0,2200.0,1800.0,2300.0,1800.0,887.0
542.0,1300.0,2200.0,1300.0,1900.0,1200.0
1500.0,903.0,633.0,820.0,3000.0,966.0
3700.0,895.0,2600.0,1100.0,930.0,2600.0
2600.0,6800.0,957.0,4800.0,2200.0,2200.0
2000.0,15900.0,4100.0,1700.0,1400.0,1800.0
6400.0,833.0,852.0,2900.0,831.0,4700.0
5300.0,7500.0,2900.0,2800.0,3700.0,1500.0
656.0,840.0,1200.0,1300.0,2700.0,682.0
1500.0,1200.0,2300.0,2800.0,2600.0,3600.0
2900.0,974.0,906.0,7700.0,1300.0,930.0
1900.0,31300.0,1300.0,1700.0,2200.0,4300.0
3900.0,1300.0,1000.0,3800.0,7600.0,4600.0
4400.0,826.0,839.0,3500.0,1600.0,878.0
1200.0,1000.0,1100.0,1500.0,28200.0,1200.0
2000.0,1100.0,2700.0,1700.0,10900.0,1100.0
1300.0,875.0,2500.0,1400.0,2400.0,1300.0
3800.0,1100.0,6400.0,2500.0,4000.0,1300.0
4000.0,1100.0,1900.0,2100.0,3300.0,1400.0
998.0,478.0,2000.0,1800.0,4300.0,877.0
3700.0,2800.0,1100.0,4800.0,1200.0,1300.0
2400.0,798.0,1400.0,1400.0,1300.0,480.0
7800.0,1500.0,869.0,5400.0,1500.0,2800.0
1200.0,922.0,2700.0,1300.0,2200.0,1200.0
4000.0,497.0,1600.0,1200.0,844.0,45.0
2900.0,689.0,18300.0,3400.0,1800.0,1000.0
7600.0,900.0,1100.0,12400.0,2800.0,3800.0
43000.0,1100.0,2300.0,1200.0,1000.0,1200.0
2700.0,4600.0,722.0,1900.0,3400.0,1400.0
2300.0,674.0,726.0,3000.0,676.0,1300.0
1200.0,1200.0,3100.0,6200.0,3700.0,1400.0
1200.0,578.0,1000.0,1100.0,3700.0,822.0
3200.0,958.0,1500.0,11000.0,1900.0,1200.0
994.0,914.0,1600.0,1200.0,6500.0,2000.0
4700.0,3100.0,895.0,2500.0,708.0,3100.0
2700.0,695.0,1000.0,998.0,1100.0,2700.0
1300.0,2400.0,1500.0,1600.0,2500.0,621.0
2500.0,933.0,1100.0,2200.0,9300.0,1200.0
1500.0,854.0,2900.0,837.0,994.0,910.0
1100.0,6700.0,537.0,2600.0,8200.0,1100.0
837.0,1000.0,2200.0,1500.0,847.0,1300.0
1300.0,3100.0,1000.0,5700.0,1200.0,1400.0
1300.0,3000.0,701.0,1400.0,3300.0,1100.0
4000.0,1300.0,895.0,5000.0,1200.0,565.0
2000.0,925.0,908.0,4000.0,3700.0,956.0
1300.0,1300.0,1400.0,1200.0,1200.0,2000.0
2700.0,1300.0,856.0,1200.0,6300.0,1500.0
2100.0,996.0,6600.0,2600.0,1200.0,902.0
4000.0,3200.0,1500.0,1100.0,3600.0,2300.0
1700.0,1300.0,889.0,1200.0,4900.0,583.0
1300.0,2200.0,3200.0,2100.0,6700.0,1000.0
2700.0,757.0,2400.0,7600.0,2100.0,672.0
4700.0,5600.0,1100.0,1300.0,1300.0,1600.0
4100.0,834.0,3400.0,6400.0,1200.0,1400.0
1400.0,686.0,1200.0,3300.0,1300.0,1200.0
686.0,13900.0,3100.0,7200.0,2600.0,1200.0
1700.0,623.0,1600.0,2500.0,1100.0,1100.0
18100.0,1300.0,1800.0,2000.0,715.0,673.0
907.0,1300.0,1300.0,4200.0,2700.0,1100.0
1800.0,488.0,2800.0,1400.0,2600.0,1100.0
5400.0,1000.0,881.0,1200.0,1300.0,843.0
2100.0,556.0,948.0,3000.0,690.0,4100.0
4900.0,820.0,4700.0,806.0,1300.0,7700.0
675.0,1100.0,5200.0,725.0,937.0,1500.0
1300.0,2700.0,1100.0,4800.0,1100.0,1100.0
1300.0,826.0,4700.0,8800.0,7700.0,752.0
6100.0,1400.0,1600.0,592.0,3200.0,734.0
1700.0,2400.0,1100.0,6400.0,1400.0,1200.0
2700.0,763.0,3800.0,3700.0,1700.0,1600.0
11100.0,734.0,1400.0,920.0,952.0,1100.0
3500.0,3000.0,641.0,1100.0,3300.0,1800.0
1600.0,1300.0,2100.0,1300.0,3300.0,3900.0
5100.0,1300.0,1100.0,19500.0,1700.0,1000.0
4800.0,280.0,3900.0,4500.0,2800.0,1200.0
3000.0,1400.0,916.0,995.0,11200.0,2400.0
3400.0,662.0,663.0,2200.0,10100.0,937.0
1300.0,698.0,9100.0,952.0,2600.0,1500.0
1400.0,578.0,737.0,2900.0,1400.0,866.0
9700.0,797.0,12800.0,2000.0,1400.0,991.0
1200.0,700.0,968.0,2000.0,3600.0,491.0
1300.0,26400.0,733.0,1300.0,1600.0,2900.0
1000.0,4000.0,35300.0,4900.0,10000.0,583.0
1200.0,879.0,916.0,3400.0,1500.0,878.0
980.0,1100.0,982.0,7000.0,753.0,907.0
1900.0,2700.0,718.0,5200.0,2200.0,1300.0
2500.0,791.0,1600.0,47400.0,9800.0,988.0
1500.0,738.0,2200.0,4800.0,880.0,825.0
1300.0,1000.0,1100.0,6100.0,4300.0,3900.0
753.0,2400.0,4200.0,3400.0,1100.0,4100.0
1100.0,2900.0,681.0,7300.0,1700.0,1200.0
2000.0,922.0,5400.0,612.0,24000.0,31900.0
1200.0,1200.0,28200.0,3100.0,1500.0,2000.0
488.0,547.0,2400.0,1800.0,5500.0,811.0
852.0,600.0,412.0,7100.0,7000.0,711.0
1500.0,3800.0,1300.0,5800.0,1100.0,10800.0
3600.0,53100.0,2800.0,1200.0,1200.0,1300.0
1900.0,2800.0,4400.0,2400.0,12100.0,5000.0
1700.0,1100.0,4400.0,1100.0,1100.0,1300.0
4400.0,2300.0,934.0,2400.0,1400.0,1000.0
3500.0,952.0,1400.0,19500.0,622.0,1300.0
1900.0,929.0,1900.0,1500.0,1200.0,606.0
2600.0,1800.0,757.0,1400.0,2100.0,1000.0
714.0,1500.0,2100.0,1600.0,11400.0,629.0
1100.0,503.0,2000.0,2500.0,8800.0,1300.0
3400.0,1900.0,4000.0,1200.0,8400.0,1000.0
984.0,593.0,4500.0,7900.0,4600.0,1100.0
1100.0,5100.0,480.0,3100.0,3600.0,839.0
1800.0,810.0,1700.0,560.0,6300.0,1200.0
6700.0,835.0,852.0,1800.0,1200.0,1800.0
909.0,966.0,839.0,753.0,512.0,1700.0
1600.0,2900.0,6500.0,1100.0,5500.0,1400.0
859.0,4200.0,2300.0,1100.0,2700.0,413.0
36200.0,1000.0,2700.0,3500.0,1200.0,1000.0
2000.0,5200.0,2300.0,1000.0,12300.0,907.0
3100.0,759.0,5200.0,1200.0,7100.0,876.0
12300.0,1200.0,2800.0,3700.0,1700.0,3300.0
390.0,498.0,780.0,5600.0,2700.0,1400.0
1800.0,319.0,1300.0,1500.0,7400.0,2100.0
474.0,1100.0,643.0,2500.0,756.0,1300.0
1100.0,2000.0,806.0,1100.0,975.0,1100.0
1300.0,770.0,960.0,8.0,18300.0,1100.0
1300.0,10500.0,611.0,1400.0,1800.0,1500.0
1100.0,2100.0,6800.0,2400.0,770.0,2100.0
532.0,1200.0,1300.0,6200.0,2000.0,3400.0
945.0,884.0,1300.0,10700.0,771.0,3900.0
665.0,1100.0,740.0,1200.0,1000.0,936.0
1600.0,972.0,767.0,3200.0,920.0,653.0
734.0,1200.0,1100.0,1300.0,722.0,3200.0
1900.0,5800.0,2600.0,25100.0,4300.0,1200.0
12400.0,1300.0,5700.0,1300.0,1600.0,1400.0
2500.0,597.0,524.0,213.0,1600.0,1200.0
1500.0,21100.0,954.0,2300.0,4100.0,1800.0
3300.0,1100.0,2100.0,1600.0,2300.0,843.0
1400.0,58.0,4800.0,1500.0,1700.0,2100.0
1100.0,1100.0,2200.0,1100.0,4200.0,34800.0
2000.0,2200.0,915.0,2300.0,970.0,569.0
796.0,4800.0,3100.0,1800.0,3700.0,7100.0
1100.0,1700.0,3200.0,1300.0,1100.0,507.0
1700.0,3100.0,1900.0,2500.0,2500.0,630.0
4000.0,943.0,7900.0,691.0,1600.0,1100.0
3300.0,928.0,2300.0,1100.0,12500.0,1100.0
1700.0,7800.0,653.0,1400.0,904.0,3100.0
731.0,5100.0,585.0,960.0,1400.0,849.0
1500.0,1400.0,1900.0,1400.0,1300.0,560.0
659.0,3700.0,1300.0,1200.0,1700.0,2600.0
3900.0,1900.0,1200.0,9100.0,1200.0,1100.0
3600.0,903.0,1300.0,2400.0,22100.0,597.0
2900.0,477.0,1000.0,3500.0,1100.0,121.0
1700.0,1800.0,1200.0,1600.0,1200.0,888.0
1800.0,1500.0,635.0,4700.0,2900.0,892.0
180.0,1700.0,400.0,3700.0,1300.0,2100.0
2200.0,602.0,1600.0,1000.0,850.0,723.0
1100.0,715.0,6000.0,1900.0,3100.0,1400.0
1400.0,862.0,3700.0,2000.0,9000.0,945.0
11100.0,22500.0,735.0,2700.0,3300.0,673.0
869.0,3400.0,1400.0,2700.0,534.0,1500.0
1500.0,1300.0,1600.0,2800.0,1500.0,915.0
1200.0,1500.0,1100.0,1400.0,1500.0,885.0
1200.0,1000.0,826.0,1100.0,1500.0,1100.0
1600.0,563.0,577.0,2400.0,790.0,1300.0
1200.0,1700.0,826.0,1600.0,1100.0,915.0
12200.0,2600.0,811.0,2500.0,1100.0,1400.0
3000.0,1400.0,2000.0,2900.0,1500.0,28800.0
7200.0,1200.0,809.0,1500.0,1000.0,2800.0
2200.0,2300.0,780.0,3100.0,789.0,815.0
3800.0,541.0,997.0,1400.0,4400.0,1200.0
1300.0,927.0,1700.0,1400.0,940.0,1900.0
1300.0,936.0,1300.0,1900.0,3300.0,1000.0
4400.0,986.0,1100.0,805.0,1400.0,3300.0
4900.0,753.0,824.0,3100.0,2400.0,1000.0
1300.0,12700.0,3400.0,1000.0,4200.0,7000.0
1000.0,2100.0,1300.0,4800.0,1300.0,1000.0
2800.0,12100.0,5600.0,1100.0,1500.0,2100.0
13000.0,880.0,2700.0,2100.0,695.0,1600.0
2000.0,10600.0,1600.0,7600.0,4500.0,712.0
985.0,1400.0,1300.0,2500.0,1600.0,1100.0
7400.0,3000.0,1200.0,6900.0,4600.0,1000.0
556.0,958.0,6500.0,2600.0,1900.0,574.0
5000.0,4200.0,1600.0,2300.0,6300.0,1500.0
1200.0,1000.0,1200.0,1300.0,1500.0,1600.0
6900.0,1100.0,1200.0,3000.0,2200.0,899.0
1200.0,853.0,1200.0,3700.0,2300.0,560.0
10300.0,571.0,1200.0,1200.0,2000.0,1100.0
1100.0,2400.0,1300.0,3000.0,4700.0,874.0
2200.0,853.0,1100.0,4300.0,1800.0,1300.0
6800.0,591.0,1900.0,1100.0,7800.0,21700.0
1300.0,1400.0,790.0,1600.0,923.0,1200.0
1000.0,15200.0,3900.0,1100.0,3900.0,536.0
9700.0,1300.0,1400.0,2200.0,1100.0,1400.0
2100.0,1100.0,624.0,4600.0,616.0,2600.0
2300.0,864.0,570.0,321.0,6400.0,1000.0
1000.0,2000.0,1200.0,2300.0,1300.0,635.0
11500.0,4900.0,17200.0,2600.0,3500.0,585.0
9900.0,1200.0,1500.0,1800.0,2000.0,14600.0
2100.0,2200.0,883.0,1300.0,1000.0,1300.0
1900.0,1300.0,622.0,5400.0,2600.0,905.0
1400.0,709.0,1200.0,3200.0,936.0,622.0
2200.0,90.0,2900.0,1700.0,1300.0,800.0
1400.0,1400.0,1100.0,1500.0,870.0,706.0
1900.0,893.0,1600.0,1800.0,535.0,824.0
2400.0,951.0,1800.0,4100.0,3300.0,598.0
3000.0,2000.0,2300.0,2400.0,938.0,3200.0
1100.0,382.0,952.0,348.0,592.0,759.0
1800.0,2500.0,1900.0,1500.0,2600.0,4300.0
851.0,647.0,2000.0,8400.0,1400.0,754.0
1300.0,2400.0,1100.0,1700.0,19700.0,918.0
740.0,432.0,1600.0,2200.0,6200.0,1200.0
1100.0,1000.0,878.0,1700.0,838.0,1200.0
1300.0,575.0,498.0,1800.0,1700.0,725.0
1200.0,1000.0,5000.0,28800.0,1200.0,1200.0
1700.0,881.0,1200.0,2200.0,2100.0,779.0
1900.0,11100.0,974.0,1000.0,1200.0,925.0
15000.0,578.0,1900.0,1500.0,1300.0,1600.0
2500.0,954.0,902.0,8900.0,1200.0,1100.0
777.0,1100.0,1300.0,2400.0,3500.0,1900.0
500.0,2000.0,11700.0,6800.0,1200.0,1100.0
3600.0,1400.0,783.0,7900.0,1800.0,547.0
1900.0,5200.0,2000.0,1100.0,1400.0,1200.0
552.0,1100.0,1400.0,16200.0,3100.0,923.0
1400.0,2200.0,3800.0,6200.0,1100.0,677.0
861.0,8400.0,962.0,5700.0,881.0,1900.0
791.0,1200.0,1400.0,5300.0,661.0,8000.0
2400.0,1400.0,639.0,2100.0,1900.0,1200.0
1600.0,780.0,1500.0,528.0,732.0,1300.0
1800.0,777.0,678.0,2800.0,2000.0,2900.0
9200.0,1500.0,900.0,1200.0,1300.0,904.0
5800.0,820.0,1000.0,3100.0,1300.0,746.0
1100.0,962.0,976.0,3300.0,4900.0,2200.0
2200.0,572.0,1200.0,2300.0,1700.0,15200.0
847.0,497.0,566.0,1300.0,2200.0,846.0
5500.0,552.0,2000.0,4100.0,1500.0,1700.0
862.0,1100.0,2200.0,3200.0,2500.0,691.0
3100.0,892.0,3700.0,1400.0,1400.0,889.0
911.0,714.0,5300.0,1700.0,769.0,786.0
1100.0,1500.0,13300.0,3600.0,1300.0,815.0
4400.0,2100.0,797.0,2100.0,6500.0,1500.0
1000.0,3000.0,6600.0,1100.0,4000.0,1700.0
5900.0,1200.0,3800.0,1400.0,1300.0,1300.0
5800.0,1500.0,1200.0,1400.0,1500.0,3200.0
3600.0,878.0,2800.0,5700.0,2200.0,1100.0
761.0,2100.0,991.0,1100.0,1300.0,743.0
4100.0,10600.0,7300.0,2100.0,1100.0,540.0
1400.0,2200.0,1400.0,9300.0,1400.0,807.0
1600.0,1000.0,985.0,8500.0,11500.0,1000.0
8700.0,2100.0,2700.0,6800.0,1400.0,865.0
5000.0,2500.0,2000.0,7800.0,1200.0,1100.0
1900.0,625.0,1100.0,1400.0,902.0,1700.0
1900.0,3400.0,2800.0,1400.0,2800.0,980.0
6000.0,1400.0,1600.0,2100.0,3100.0,3200.0
2500.0,4400.0,3700.0,8200.0,2100.0,1500.0
820.0,3000.0,1800.0,3900.0,3600.0,601.0
1600.0,21700.0,3100.0,1600.0,1200.0,833.0
806.0,7600.0,3000.0,807.0,2600.0,495.0
959.0,3000.0,2500.0,1200.0,2600.0,965.0
21000.0,854.0,1000.0,2100.0,2300.0,2100.0
1700.0,1300.0,843.0,1300.0,1700.0,657.0
1300.0,1100.0,902.0,3400.0,893.0,5500.0
5200.0,485.0,1500.0,41900.0,1600.0,1200.0
1300.0,3200.0,777.0,774.0,2400.0,834.0
866.0,899.0,991.0,2100.0,11000.0,1400.0
817.0,1500.0,2000.0,3100.0,2300.0,1300.0
1300.0,735.0,1700.0,3700.0,1000.0,1000.0
1200.0,707.0,1300.0,1200.0,1300.0,838.0
1100.0,1100.0,680.0,4200.0,1900.0,540.0
1100.0,10300.0,1000.0,1800.0,1300.0,858.0
1000.0,1100.0,1800.0,847.0,729.0,1500.0
1400.0,1600.0,862.0,4200.0,5500.0,759.0
1600.0,642.0,3200.0,4500.0,1900.0,1900.0
1700.0,1100.0,589.0,2200.0,2100.0,874.0
5500.0,377.0,3900.0,1300.0,3700.0,779.0
11200.0,1400.0,17100.0,1100.0,596.0,1400.0
1300.0,2400.0,78600.0,777.0,742.0,1200.0
2000.0,1000.0,12300.0,4900.0,814.0,66.0
871.0,713.0,1100.0,2100.0,1500.0,1100.0
22300.0,1500.0,1300.0,7500.0,2700.0,1400.0
16800.0,2200.0,1700.0,5000.0,2700.0,861.0
851.0,1900.0,1000.0,3800.0,822.0,2700.0
2500.0,942.0,1800.0,1300.0,5000.0,1200.0
10000.0,867.0,1300.0,2300.0,1300.0,1100.0
1500.0,1800.0,8100.0,1400.0,787.0,2200.0
1100.0,2300.0,1500.0,3800.0,11900.0,956.0
800.0,1000.0,1100.0,2500.0,2100.0,1100.0
1400.0,4200.0,2800.0,644.0,2800.0,1000.0
11900.0,1100.0,1100.0,906.0,1400.0,680.0
1900.0,971.0,6500.0,2100.0,9900.0,2000.0
1300.0,546.0,1000.0,1000.0,2100.0,896.0
1800.0,486.0,2000.0,12200.0,1100.0,1000.0
485.0,886.0,26700.0,10000.0,1400.0,1100.0
3100.0,1000.0,4200.0,2700.0,454.0,1600.0
1400.0,866.0,3300.0,2400.0,4400.0,43.0
3000.0,910.0,1800.0,1900.0,3100.0,1100.0
705.0,7800.0,2700.0,3400.0,1700.0,1500.0
1200.0,1100.0,1300.0,4600.0,3600.0,1100.0
1100.0,678.0,1900.0,1900.0,1900.0,1800.0
73100.0,6300.0,1300.0,3100.0,2800.0,2300.0
2600.0,1800.0,14900.0,3800.0,1900.0,1100.0
1000.0,15000.0,1800.0,1100.0,1300.0,2600.0
684.0,700.0,781.0,1200.0,1300.0,5300.0
1200.0,1100.0,3200.0,1700.0,1100.0,1100.0
2600.0,1700.0,667.0,1400.0,3300.0,1100.0
1300.0,1700.0,4900.0,12500.0,6500.0,1600.0
2600.0,899.0,1400.0,3900.0,1400.0,739.0
2200.0,1600.0,595.0,1600.0,9300.0,636.0
3200.0,1200.0,1400.0,1200.0,1800.0,1200.0
1100.0,5300.0,1000.0,1400.0,2000.0,1400.0
1500.0,1100.0,896.0,1700.0,22000.0,1900.0
1300.0,1200.0,1500.0,1200.0,1300.0,919.0
1600.0,2300.0,894.0,2100.0,16300.0,745.0
15000.0,781.0,3200.0,3100.0,1900.0,755.0
1200.0,1700.0,1900.0,1800.0,1400.0,970.0
2600.0,720.0,2500.0,414.0,5000.0,722.0
1900.0,3200.0,440.0,5200.0,2100.0,983.0
1400.0,618.0,663.0,2600.0,2000.0,712.0
2900.0,381.0,572.0,8700.0,1100.0,817.0
1800.0,3400.0,1600.0,1200.0,9800.0,5900.0
1100.0,921.0,1900.0,1300.0,2500.0,742.0
1100.0,1100.0,1400.0,1800.0,1100.0,1400.0
934.0,3600.0,1700.0,1100.0,1100.0,5700.0
1400.0,992.0,1400.0,1300.0,1400.0,1600.0
3000.0,864.0,714.0,13300.0,1700.0,1100.0
1800.0,2000.0,744.0,2600.0,2900.0,1000.0
739.0,733.0,1300.0,2700.0,1100.0,864.0
902.0,2400.0,1100.0,3800.0,104.0,1100.0
2000.0,9400.0,951.0,1900.0,1500.0,914.0
21300.0,1300.0,597.0,2000.0,925.0,5700.0
8700.0,1000.0,1900.0,3200.0,835.0,863.0
1100.0,900.0,604.0,1200.0,6400.0,4300.0
3700.0,4100.0,4600.0,3000.0,1600.0,860.0
949.0,5600.0,2500.0,1700.0,1400.0,1900.0
1800.0,716.0,717.0,3100.0,1500.0,697.0
968.0,13900.0,760.0,7800.0,3800.0,1000.0
700.0,3600.0,1800.0,1900.0,835.0,1300.0
2400.0,10600.0,6400.0,1700.0,1400.0,1200.0
1100.0,2100.0,7500.0,1100.0,4100.0,563.0
3200.0,759.0,824.0,6400.0,816.0,519.0
428.0,848.0,1700.0,1400.0,1300.0,783.0
2000.0,900.0,942.0,5100.0,2300.0,10600.0
1400.0,5700.0,3300.0,1800.0,869.0,3300.0
3300.0,2800.0,2400.0,1900.0,1300.0,13600.0
2700.0,738.0,5700.0,1900.0,1200.0,755.0
12500.0,1400.0,654.0,366.0,2700.0,450.0
926.0,1800.0,1000.0,1800.0,1100.0,9200.0
1400.0,1000.0,1600.0,2200.0,2700.0,574.0
1300.0,1500.0,934.0,2300.0,1200.0,926.0
1500.0,760.0,1300.0,1100.0,3400.0,1900.0
3100.0,2500.0,1100.0,507.0,1400.0,1200.0
2400.0,863.0,21500.0,3400.0,2000.0,1500.0
16300.0,5300.0,690.0,2700.0,2100.0,4900.0
703.0,1400.0,933.0,1900.0,1100.0,1100.0
383.0,1100.0,1100.0,8100.0,1300.0,1100.0
826.0,956.0,3400.0,8100.0,1100.0,1200.0
996.0,574.0,4700.0,3600.0,1700.0,1000.0
2200.0,1100.0,1200.0,2300.0,1800.0,1400.0
1100.0,2600.0,1300.0,4200.0,2200.0,1200.0
1800.0,1200.0,1500.0,1700.0,757.0,1300.0
3700.0,1400.0,1000.0,2700.0,1000.0,1100.0
903.0,995.0,922.0,6200.0,15500.0,1000.0
1100.0,1900.0,1100.0,2400.0,55200.0,964.0
5200.0,518.0,1700.0,2000.0,2000.0,592.0
2400.0,1200.0,2100.0,9700.0,1100.0,2000.0
28.0,1300.0,1000.0,14100.0,695.0,1000.0
1000.0,1300.0,562.0,3400.0,3900.0,1400.0
896.0,3300.0,955.0,4900.0,1800.0,1500.0
1300.0,205.0,790.0,997.0,2300.0,1100.0
5500.0,2600.0,941.0,1600.0,18200.0,970.0
816.0,791.0,2500.0,3300.0,12500.0,735.0
2600.0,4500.0,1100.0,2900.0,1500.0,3100.0
1000.0,583.0,6700.0,1800.0,1500.0,701.0
953.0,1700.0,956.0,18200.0,1200.0,3100.0
3000.0,4700.0,1500.0,1200.0,1200.0,836.0
1200.0,9100.0,632.0,15200.0,2600.0,5100.0
1100.0,876.0,655.0,1800.0,1000.0,3600.0
1200.0,1100.0,1900.0,1200.0,1100.0,1000.0
938.0,5600.0,1100.0,2300.0,1200.0,1100.0
11000.0,658.0,1200.0,3200.0,735.0,1900.0
5400.0,1200.0,1900.0,1400.0,2000.0,1200.0
596.0,1200.0,3300.0,2100.0,1900.0,1000.0
1600.0,419.0,2200.0,3600.0,1800.0,1100.0
922.0,925.0,1100.0,2200.0,731.0,553.0
1800.0,956.0,1800.0,8900.0,3100.0,6400.0
1300.0,791.0,1300.0,1900.0,15400.0,844.0
905.0,3500.0,3100.0,681.0,824.0,1200.0
870.0,941.0,680.0,1500.0,669.0,1400.0
906.0,757.0,3700.0,4800.0,4100.0,1100.0
5200.0,1000.0,1100.0,1300.0,726.0,10500.0
2700.0,1400.0,3200.0,2000.0,1200.0,53500.0
2100.0,20000.0,2000.0,2600.0,1000.0,508.0
1300.0,795.0,6100.0,1200.0,3300.0,1200.0
417.0,2300.0,978.0,2200.0,5200.0,891.0
1200.0,3700.0,6300.0,1900.0,1700.0,1800.0
1600.0,711.0,6200.0,6300.0,996.0,798.0
8900.0,663.0,2500.0,3800.0,285.0,2200.0
1300.0,1400.0,1100.0,165.0,1800.0,465.0
2100.0,467.0,10700.0,7700.0,1400.0,3500.0
2300.0,1100.0,721.0,2500.0,2300.0,2100.0
20200.0,1200.0,877.0,1200.0,1500.0,939.0
1800.0,1600.0,6600.0,1700.0,1600.0,3300.0
171.0,1500.0,1100.0,1300.0,3800.0,1100.0
7700.0,4200.0,2100.0,2800.0,1700.0,977.0
816.0,1100.0,1100.0,20200.0,750.0,5100.0
3600.0,7300.0,1100.0,1000.0,844.0,1800.0
4000.0,12800.0,1200.0,11200.0,3900.0,1300.0
840.0,1100.0,939.0,4500.0,7400.0,953.0
2400.0,738.0,2500.0,4500.0,926.0,743.0
1900.0,790.0,11900.0,251.0,1200.0,774.0
2200.0,3000.0,709.0,834.0,6200.0,2700.0
1800.0,861.0,4700.0,2300.0,3000.0,7500.0
698.0,964.0,817.0,1600.0,1700.0,1100.0
1500.0,503.0,924.0,1600.0,2000.0,1500.0
775.0,1800.0,684.0,785.0,3800.0,525.0
6300.0,844.0,1700.0,1300.0,493.0,720.0
1400.0,969.0,860.0,1400.0,1900.0,562.0
1400.0,2000.0,493.0,7800.0,13300.0,1200.0
1300.0,24200.0,877.0,2500.0,2900.0,703.0
9200.0,753.0,6500.0,1900.0,1800.0,1900.0
3300.0,818.0,2400.0,1900.0,1600.0,4600.0
1400.0,2800.0,674.0,3400.0,1100.0,666.0
1800.0,4400.0,2800.0,1400.0,1600.0,1300.0
7600.0,1300.0,985.0,3600.0,1700.0,767.0
659.0,947.0,2200.0,15000.0,5500.0,1000.0
667.0,833.0,812.0,955.0,518.0,1100.0
1400.0,1100.0,1200.0,12900.0,1500.0,810.0
900.0,699.0,2500.0,1400.0,812.0,4000.0
16200.0,794.0,1100.0,1300.0,605.0,608.0
893.0,729.0,719.0,9900.0,1500.0,2300.0
1200.0,5300.0,756.0,3500.0,2200.0,1500.0
3100.0,7300.0,3900.0,2900.0,1100.0,753.0
1500.0,1400.0,679.0,1200.0,1100.0,999.0
2800.0,3900.0,3000.0,1500.0,1200.0,1600.0
18400.0,5100.0,1000.0,1200.0,643.0,1800.0
3600.0,6100.0,732.0,3600.0,1400.0,2100.0
789.0,1800.0,2200.0,1400.0,1000.0,1900.0
8500.0,616.0,1300.0,4300.0,1800.0,1700.0
8300.0,1300.0,1000.0,6500.0,6600.0,821.0
2900.0,1100.0,875.0,1600.0,1400.0,1900.0
1200.0,919.0,1700.0,1500.0,1600.0,558.0
2700.0,940.0,960.0,11200.0,2400.0,1200.0
1000.0,2400.0,3100.0,2000.0,3100.0,1700.0
2000.0,634.0,1300.0,6300.0,2600.0,3800.0
490.0,2000.0,1300.0,1500.0,2400.0,956.0
2900.0,806.0,3300.0,2400.0,17200.0,825.0
1200.0,10300.0,493.0,8700.0,1000.0,1500.0
3200.0,295.0,2900.0,1400.0,898.0,754.0
1500.0,1200.0,1000.0,4900.0,969.0,1000.0
4400.0,1200.0,1500.0,2600.0,2200.0,2600.0
595.0,644.0,1700.0,5400.0,1200.0,3400.0
11700.0,1200.0,1800.0,1300.0,1400.0,3400.0
917.0,5100.0,2900.0,7300.0,4900.0,719.0
1600.0,1400.0,724.0,15700.0,718.0,878.0
2100.0,891.0,1500.0,8400.0,3700.0,1300.0
24100.0,2200.0,830.0,3100.0,1200.0,2500.0
2200.0,1800.0,909.0,11800.0,1400.0,7200.0
1800.0,1100.0,1100.0,1600.0,859.0,2500.0
801.0,2100.0,3600.0,4800.0,2400.0,1200.0
1400.0,5200.0,200.0,3300.0,1100.0,828.0
2800.0,2400.0,1000.0,1800.0,5700.0,8600.0
2400.0,621.0,2100.0,1100.0,1200.0,472.0
2100.0,519.0,1400.0,1200.0,1100.0,1100.0
4600.0,764.0,2700.0,9200.0,2200.0,1400.0
2200.0,2400.0,657.0,3600.0,753.0,1400.0
489.0,719.0,873.0,1500.0,747.0,931.0
613.0,608.0,1600.0,2600.0,17100.0,972.0
2900.0,810.0,20300.0,3500.0,1700.0,940.0
3100.0,1100.0,630.0,3800.0,1600.0,1900.0
4600.0,1700.0,1500.0,950.0,1600.0,827.0
1700.0,2600.0,12200.0,1600.0,2900.0,585.0
1300.0,13700.0,1200.0,16200.0,986.0,853.0
1300.0,686.0,1300.0,9000.0,2700.0,455.0
1800.0,1300.0,2100.0,3500.0,2500.0,1700.0
856.0,537.0,2700.0,1600.0,2500.0,944.0
478.0,1600.0,1800.0,1900.0,841.0,3600.0
1600.0,1300.0,936.0,1200.0,1100.0,772.0
1600.0,907.0,1200.0,1200.0,2400.0,925.0
1400.0,3600.0,900.0,337.0,1700.0,973.0
3700.0,1700.0,857.0,1500.0,1400.0,1700.0
5300.0,6000.0,1100.0,1300.0,5200.0,1100.0
6300.0,817.0,5800.0,1600.0,14700.0,971.0
569.0,519.0,1900.0,3800.0,1200.0,1700.0
1600.0,554.0,2900.0,1900.0,1300.0,939.0
1200.0,4000.0,2100.0,1900.0,1300.0,990.0
1400.0,633.0,2700.0,2000.0,766.0,1200.0
453.0,676.0,621.0,1900.0,1100.0,756.0
1400.0,738.0,1600.0,2900.0,3200.0,3900.0
1200.0,2100.0,7300.0,4900.0,1100.0,1100.0
5500.0,1400.0,3500.0,1900.0,4000.0,1200.0
10300.0,850.0,548.0,2800.0,6000.0,59400.0
32299.0,1200.0,527.0,3100.0,992.0,1000.0
737.0,1100.0,1500.0,5000.0,1400.0,1500.0
1300.0,2700.0,1200.0,1500.0,1400.0,1700.0
296.0,9400.0,700.0,1300.0,979.0,8200.0
732.0,15000.0,899.0,2400.0,1900.0,11700.0
3700.0,723.0,2100.0,2700.0,3000.0,1100.0
3200.0,980.0,2800.0,1600.0,1400.0,377.0
1000.0,1600.0,5000.0,3500.0,1500.0,2400.0
11900.0,601.0,651.0,4400.0,1300.0,921.0
1000.0,1700.0,781.0,506.0,1700.0,1200.0
5700.0,11800.0,1100.0,4100.0,1600.0,1800.0
7000.0,1200.0,8200.0,2000.0,3300.0,656.0
2000.0,845.0,564.0,5800.0,18200.0,1200.0
1300.0,802.0,964.0,1600.0,1600.0,679.0
2500.0,9900.0,890.0,4600.0,2000.0,2000.0
3200.0,4300.0,17000.0,2400.0,1400.0,2400.0
24700.0,933.0,1900.0,5300.0,1400.0,3100.0
585.0,1900.0,1400.0,11900.0,1200.0,2700.0
1000.0,4700.0,1600.0,2300.0,808.0,869.0
1800.0,1300.0,1400.0,6700.0,1200.0,865.0
1900.0,3000.0,81.0,3200.0,3300.0,1400.0
1900.0,1300.0,3400.0,1100.0,2500.0,629.0
3700.0,2600.0,838.0,3400.0,6200.0,824.0
2300.0,2500.0,4300.0,4200.0,2200.0,1300.0
968.0,465.0,1800.0,2700.0,19800.0,1500.0
1700.0,992.0,4900.0,1600.0,878.0,609.0
1600.0,5100.0,972.0,2200.0,939.0,1400.0
956.0,713.0,927.0,2000.0,2100.0,559.0
1500.0,1800.0,1200.0,2600.0,1100.0,1200.0
2100.0,19300.0,3000.0,1200.0,1600.0,2900.0
1100.0,3100.0,4800.0,4400.0,1100.0,3000.0
1500.0,22300.0,1700.0,1500.0,1600.0,686.0
1600.0,1700.0,5700.0,14400.0,2700.0,5700.0
3800.0,2300.0,1300.0,2900.0,22800.0,1100.0
4900.0,1300.0,2700.0,2200.0,3600.0,832.0
3800.0,2000.0,867.0,6400.0,13400.0,1000.0
4600.0,1300.0,2500.0,2100.0,1400.0,895.0
3800.0,900.0,1300.0,1100.0,981.0,1000.0
791.0,1300.0,1300.0,987.0,2300.0,1600.0
10900.0,954.0,1300.0,5.0,4100.0,1600.0
776.0,7900.0,822.0,1300.0,2100.0,4500.0
7300.0,411.0,1100.0,1600.0,1700.0,613.0
750.0,845.0,537.0,1400.0,2200.0,717.0
1000.0,2700.0,809.0,1700.0,813.0,882.0
8700.0,2100.0,221.0,5800.0,955.0,1700.0
1700.0,4300.0,4000.0,1100.0,2200.0,2600.0
1300.0,2200.0,1400.0,7900.0,789.0,1400.0
2800.0,2000.0,1200.0,2400.0,5300.0,710.0
4800.0,734.0,3000.0,888.0,1400.0,1600.0
1100.0,579.0,961.0,2200.0,416.0,806.0
1500.0,983.0,3400.0,1300.0,2300.0,1700.0
939.0,1300.0,1900.0,2200.0,1200.0,591.0
2200.0,675.0,1100.0,1200.0,3500.0,993.0
272.0,759.0,2300.0,2700.0,6200.0,921.0
1500.0,599.0,2500.0,4000.0,926.0,4600.0
704.0,1100.0,588.0,696.0,11800.0,2400.0
1200.0,3800.0,6500.0,1300.0,863.0,1600.0
3600.0,754.0,635.0,1400.0,9700.0,690.0
1000.0,952.0,3200.0,1600.0,1400.0,2500.0
343.0,7300.0,3400.0,1300.0,2100.0,2400.0
619.0,1400.0,1400.0,2800.0,1300.0,380.0
866.0,872.0,1300.0,3100.0,2400.0,1100.0
2100.0,1000.0,2200.0,2200.0,1500.0,473.0
818.0,1900.0,2500.0,2100.0,998.0,1100.0
1700.0,2500.0,1100.0,1800.0,7600.0,529.0
2600.0,363.0,876.0,1200.0,1300.0,3100.0
5800.0,752.0,3800.0,5400.0,1300.0,2700.0
959.0,2500.0,22200.0,2600.0,878.0,1100.0
2100.0,881.0,1400.0,1700.0,10300.0,1300.0
1800.0,3400.0,772.0,885.0,591.0,851.0
1300.0,426.0,441.0,2700.0,4100.0,1200.0
675.0,3000.0,1400.0,1300.0,1900.0,922.0
1100.0,15200.0,1800.0,4000.0,1300.0,683.0
1300.0,925.0,1300.0,5300.0,2100.0,1000.0
2800.0,1000.0,777.0,1100.0,744.0,1000.0
935.0,584.0,3500.0,682.0,2700.0,1500.0
790.0,907.0,4700.0,4300.0,2300.0,962.0
3200.0,720.0,2000.0,1900.0,1000.0,527.0
1300.0,651.0,3800.0,1000.0,1500.0,1200.0
26600.0,746.0,1100.0,4200.0,4400.0,1300.0
949.0,479.0,697.0,7200.0,1200.0,1500.0
1800.0,2000.0,1800.0,1100.0,7500.0,1200.0
720.0,1300.0,2700.0,1500.0,867.0,784.0
7700.0,1200.0,17300.0,1300.0,2200.0,1700.0
1300.0,1100.0,646.0,1900.0,4600.0,1200.0
2200.0,856.0,3900.0,971.0,4400.0,899.0
3700.0,2100.0,1400.0,1200.0,1500.0,2400.0
25500.0,1300.0,1300.0,1100.0,3900.0,1900.0
1500.0,538.0,1300.0,7800.0,757.0,2200.0
18300.0,680.0,1200.0,1200.0,936.0,1200.0
5300.0,6700.0,589.0,992.0,1100.0,6700.0
8700.0,974.0,1600.0,1500.0,3000.0,1100.0
838.0,1600.0,2200.0,1300.0,14800.0,1200.0
1400.0,613.0,687.0,708.0,1600.0,713.0
1100.0,978.0,990.0,1300.0,1200.0,486.0
3100.0,1500.0,1300.0,1400.0,9500.0,786.0
2900.0,2000.0,1100.0,1100.0,745.0,2000.0
154.0,3100.0,1000.0,1400.0,1100.0,867.0
1400.0,815.0,2300.0,810.0,3100.0,832.0
1700.0,4100.0,4300.0,4000.0,877.0,671.0
807.0,2800.0,568.0,797.0,3700.0,1600.0
1400.0,7600.0,939.0,1500.0,9500.0,1500.0
2800.0,31400.0,1100.0,5600.0,610.0,1700.0
2400.0,992.0,3000.0,1300.0,1200.0,1000.0
2400.0,3600.0,1700.0,5000.0,3300.0,670.0
2400.0,604.0,1100.0,5200.0,3500.0,954.0
750.0,3200.0,11800.0,3500.0,24500.0,924.0
1600.0,832.0,695.0,813.0,1000.0,1500.0
1500.0,936.0,1100.0,3600.0,5400.0,5500.0
5000.0,3100.0,4100.0,1500.0,3800.0,749.0
16300.0,9400.0,983.0,1300.0,3000.0,1400.0
2700.0,569.0,1000.0,5200.0,3300.0,2900.0
1500.0,807.0,2200.0,1000.0,1000.0,267.0
19700.0,7800.0,1100.0,2500.0,1800.0,2000.0
1100.0,808.0,6700.0,2600.0,2200.0,521.0
1200.0,704.0,732.0,1200.0,1100.0,1400.0
1400.0,291.0,827.0,2200.0,882.0,3300.0
7400.0,3800.0,2400.0,2600.0,2500.0,987.0
2100.0,998.0,992.0,1900.0,2400.0,1000.0
3300.0,1700.0,2200.0,1500.0,1300.0,826.0
1100.0,986.0,3000.0,3700.0,773.0,2300.0
12200.0,1800.0,1400.0,684.0,5700.0,1100.0
4300.0,697.0,1200.0,2500.0,1600.0,755.0
3800.0,1900.0,994.0,1700.0,2400.0,11700.0
2200.0,7700.0,3600.0,1000.0,2300.0,1000.0
1400.0,1100.0,2300.0,2100.0,1300.0,501.0
770.0,635.0,1100.0,1300.0,687.0,1500.0
2100.0,831.0,1000.0,5000.0,1500.0,1400.0
4100.0,549.0,1500.0,2200.0,1200.0,762.0
45100.0,633.0,4600.0,2500.0,1800.0,1600.0
2600.0,407.0,1500.0,8600.0,1500.0,629.0
4900.0,875.0,2700.0,3100.0,5700.0,770.0
2900.0,1000.0,1800.0,1800.0,800.0,1200.0
2300.0,4100.0,887.0,2300.0,895.0,779.0
1400.0,707.0,1000.0,2300.0,2300.0,671.0
7100.0,7900.0,3900.0,6100.0,1300.0,14700.0
1200.0,1500.0,7800.0,2000.0,823.0,8900.0
1900.0,974.0,3400.0,4000.0,1100.0,957.0
2800.0,807.0,2200.0,3800.0,1800.0,781.0
2300.0,692.0,2400.0,1500.0,1700.0,5300.0
869.0,5700.0,626.0,1500.0,1800.0,1000.0
1400.0,4500.0,3600.0,1500.0,551.0,1100.0
1200.0,3600.0,855.0,1100.0,2100.0,3200.0
1100.0,854.0,1800.0,1300.0,766.0,907.0
2300.0,824.0,755.0,5600.0,1400.0,2600.0
6100.0,3100.0,1700.0,1600.0,1000.0,973.0
1600.0,1200.0,1000.0,2000.0,3300.0,944.0
23700.0,508.0,1500.0,1500.0,1400.0,1900.0
4200.0,1200.0,1600.0,30200.0,6600.0,5900.0
937.0,3100.0,1700.0,1300.0,2700.0,5300.0
1400.0,703.0,3400.0,1600.0,854.0,977.0
1700.0,1000.0,1300.0,2100.0,2400.0,16800.0
16100.0,1200.0,884.0,1000.0,3700.0,421.0
1400.0,2500.0,4300.0,1500.0,3200.0,615.0
2400.0,3400.0,6200.0,1700.0,627.0,417.0
173.0,768.0,889.0,904.0,971.0,1400.0
1300.0,1600.0,2300.0,2100.0,1100.0,922.0
1100.0,929.0,958.0,5900.0,3300.0,1600.0
1200.0,1100.0,1800.0,2300.0,2100.0,1300.0
1300.0,18700.0,6300.0,1700.0,7900.0,862.0
15800.0,1800.0,3000.0,2700.0,11100.0,6000.0
982.0,1200.0,1000.0,1800.0,834.0,1000.0
411.0,901.0,1300.0,2000.0,7800.0,3200.0
1900.0,1500.0,3000.0,1000.0,627.0,1300.0
1400.0,5600.0,713.0,986.0,1300.0,1500.0
890.0,966.0,1300.0,3700.0,5800.0,3100.0
806.0,1500.0,5600.0,436.0,8400.0,824.0
3200.0,582.0,881.0,1700.0,3500.0,2600.0
2800.0,1200.0,1100.0,16200.0,903.0,1500.0
2200.0,1400.0,3100.0,12700.0,976.0,667.0
2300.0,4600.0,1900.0,2000.0,1600.0,822.0
1600.0,742.0,824.0,4900.0,5700.0,1300.0
1600.0,896.0,1500.0,798.0,1800.0,942.0
670.0,822.0,913.0,2300.0,906.0,712.0
1100.0,2500.0,3200.0,3300.0,1600.0,1100.0
1300.0,1200.0,2100.0,1400.0,1400.0,675.0
1700.0,488.0,1500.0,1300.0,1700.0,1500.0
2300.0,661.0,1300.0,2600.0,1500.0,1000.0
687.0,582.0,794.0,1100.0,9400.0,1500.0
3000.0,1200.0,713.0,3600.0,1400.0,1700.0
1200.0,3100.0,4600.0,1200.0,973.0,453.0
1100.0,877.0,922.0,2800.0,13400.0,526.0
3200.0,752.0,1300.0,3900.0,2000.0,675.0
5100.0,2000.0,2200.0,1100.0,858.0,746.0
3100.0,1100.0,1700.0,4800.0,1200.0,1600.0
1200.0,2400.0,1100.0,1100.0,7300.0,10800.0
1100.0,4100.0,1200.0,4400.0,2100.0,10300.0
756.0,455.0,5500.0,2200.0,3600.0,1900.0
1800.0,1100.0,6300.0,1300.0,2100.0,1500.0
1300.0,6600.0,847.0,1200.0,8000.0,1300.0
1300.0,522.0,1100.0,1800.0,3100.0,1500.0
893.0,1100.0,5900.0,1900.0,3100.0,1400.0
1200.0,1000.0,3000.0,2700.0,821.0,3700.0
7800.0,1400.0,1900.0,1200.0,1500.0,642.0
2200.0,1500.0,1600.0,958.0,1700.0,36100.0
7400.0,909.0,697.0,851.0,808.0,873.0
664.0,22500.0,752.0,1600.0,2700.0,1400.0
660.0,3700.0,1400.0,787.0,1100.0,1300.0
6700.0,1300.0,1800.0,1500.0,4800.0,1300.0
1500.0,719.0,3600.0,1100.0,1200.0,233.0
2600.0,1200.0,318.0,22100.0,2000.0,1600.0
1500.0,596.0,2200.0,4200.0,1600.0,8700.0
56000.0,2000.0,991.0,10000.0,844.0,1500.0
1200.0,744.0,1400.0,1900.0,942.0,874.0
3300.0,1800.0,5600.0,1800.0,2900.0,929.0
1300.0,1000.0,1200.0,1100.0,1100.0,813.0
12800.0,1400.0,1500.0,2700.0,1600.0,877.0
703.0,1100.0,1200.0,3500.0,2200.0,823.0
5500.0,448.0,1000.0,562.0,393.0,575.0
5000.0,23300.0,717.0,1100.0,1600.0,1300.0
3400.0,901.0,13100.0,5500.0,1600.0,1600.0
241.0,1000.0,827.0,7800.0,471.0,875.0
6700.0,1900.0,14400.0,3100.0,1500.0,1000.0
5900.0,465.0,991.0,2300.0,2100.0,1200.0
1800.0,1100.0,1200.0,2900.0,2900.0,1700.0
233.0,997.0,10100.0,11700.0,8400.0,497.0
268.0,875.0,1400.0,1400.0,1500.0,1200.0
2400.0,6000.0,1600.0,923.0,1800.0,1100.0
6300.0,986.0,690400.0,2100.0,1100.0,743.0
1600.0,1500.0,2000.0,1400.0,1300.0,6000.0
237.0,854.0,1200.0,2600.0,624.0,906.0
1000.0,1200.0,760.0,1400.0,3300.0,787.0
1600.0,889.0,970.0,843.0,1800.0,436.0
2800.0,10300.0,3700.0,750.0,1300.0,386.0
1100.0,1900.0,1200.0,3500.0,2600.0,524.0
54200.0,1700.0,1100.0,1400.0,1300.0,1200.0
987.0,8000.0,1300.0,1300.0,2200.0,838.0
7300.0,1700.0,1200.0,2900.0,1900.0,785.0
2500.0,795.0,1300.0,3400.0,9000.0,1100.0
1300.0,6600.0,2300.0,23.0,853.0,5400.0
23100.0,6200.0,795.0,1600.0,791.0,1700.0
856.0,4600.0,2100.0,2200.0,1300.0,804.0
906.0,876.0,18000.0,2100.0,850.0,2000.0
6800.0,942.0,2100.0,1400.0,1900.0,905.0
9000.0,2700.0,971.0,2600.0,799.0,666.0
1900.0,744.0,1800.0,8100.0,1800.0,16600.0
873.0,755.0,731.0,5500.0,2000.0,655.0
2800.0,3700.0,27700.0,1400.0,752.0,837.0
1500.0,638.0,80800.0,1600.0,1500.0,1100.0
9500.0,1400.0,2600.0,1800.0,1700.0,980.0
1400.0,829.0,2700.0,2000.0,3900.0,955.0
1600.0,1900.0,1700.0,14100.0,1400.0,2500.0
3000.0,1800.0,3500.0,1300.0,935.0,8000.0
1800.0,5500.0,1400.0,2700.0,1700.0,932.0
27500.0,29000.0,722.0,6000.0,14500.0,520.0
2600.0,602.0,6700.0,14800.0,2200.0,713.0
1200.0,1700.0,1600.0,818.0,2900.0,940.0
2200.0,1100.0,1800.0,1100.0,1200.0,1200.0
736.0,886.0,953.0,1100.0,1300.0,1100.0
900.0,1100.0,1700.0,3400.0,1400.0,1400.0
3000.0,9100.0,977.0,966.0,2100.0,1000.0
1400.0,1200.0,1300.0,6200.0,14900.0,2700.0
33100.0,786.0,920.0,1300.0,2900.0,3500.0
5200.0,854.0,6900.0,4500.0,2400.0,10400.0
901.0,640.0,1800.0,483.0,872.0,743.0
706.0,1200.0,2500.0,1100.0,949.0,1300.0
3900.0,1700.0,1600.0,1300.0,1400.0,11000.0
7900.0,12600.0,452.0,5300.0,925.0,1500.0
988.0,4600.0,2700.0,2700.0,976.0,895.0
2700.0,2000.0,1300.0,1900.0,885.0,1300.0
4500.0,731.0,804.0,5500.0,5000.0,1000.0
587.0,4800.0,1500.0,1600.0,2400.0,1200.0
1600.0,1700.0,13900.0,57600.0,383.0,808.0
1500.0,542.0,4000.0,1300.0,7300.0,1500.0
2000.0,613.0,1100.0,6000.0,494.0,704.0
721.0,5400.0,2100.0,4400.0,917.0,449.0
3700.0,950.0,1300.0,1800.0,1200.0,974.0
6300.0,2000.0,910.0,3000.0,856.0,1200.0
5100.0,749.0,779.0,1800.0,922.0,721.0
1500.0,1500.0,3000.0,1600.0,1000.0,843.0
5300.0,1300.0,3400.0,9200.0,2200.0,790.0
1000.0,880.0,2000.0,962.0,986.0,1600.0
309.0,903.0,1500.0,2300.0,1200.0,1400.0
6500.0,2300.0,1500.0,1700.0,3800.0,1600.0
2200.0,387.0,3300.0,2200.0,459.0,1200.0
8400.0,1900.0,1500.0,1400.0,1400.0,942.0
10800.0,461.0,3400.0,3400.0,958.0,502.0
1200.0,896.0,823.0,1900.0,8000.0,4700.0
1700.0,1600.0,911.0,1900.0,7000.0,1700.0
3900.0,5800.0,916.0,2500.0,18200.0,9300.0
6200.0,1100.0,3100.0,1500.0,1000.0,258.0
761.0,1100.0,956.0,2400.0,1100.0,780.0
1900.0,541.0,1100.0,4500.0,2400.0,1200.0
794.0,2100.0,1500.0,5800.0,1500.0,1500.0
5100.0,708.0,908.0,1300.0,1200.0,936.0
866.0,946.0,1800.0,1700.0,5000.0,1300.0
1900.0,576.0,486.0,1200.0,2600.0,935.0
6500.0,1100.0,740.0,3700.0,5300.0,1800.0
945.0,1100.0,1600.0,1800.0,5300.0,1700.0
6400.0,1200.0,800.0,1200.0,899.0,1100.0
5700.0,886.0,729.0,932.0,3400.0,2300.0
1500.0,948.0,1400.0,2300.0,15300.0,10300.0
1100.0,2100.0,7300.0,2000.0,9800.0,1300.0
2800.0,18300.0,996.0,3600.0,9000.0,397.0
3200.0,9300.0,1400.0,6100.0,1000.0,2700.0
1300.0,942.0,2600.0,2200.0,1500.0,18300.0
6400.0,1500.0,12500.0,5500.0,922.0,1000.0
7900.0,3500.0,2500.0,2600.0,2800.0,1200.0
1700.0,1000.0,945.0,2100.0,287.0,2200.0
2400.0,791.0,1000.0,2100.0,2400.0,1100.0
2000.0,974.0,2900.0,3100.0,3000.0,831.0
837.0,689.0,2500.0,3000.0,2100.0,9800.0
1600.0,1200.0,1000.0,1300.0,2700.0,656.0
7600.0,1200.0,1800.0,1100.0,1100.0,11500.0
1900.0,696.0,299.0,4000.0,4900.0,984.0
1700.0,1100.0,2800.0,2700.0,742.0,707.0
791.0,1000.0,1000.0,545.0,1100.0,3200.0
18200.0,1600.0,2400.0,3100.0,1900.0,578.0
960.0,920.0,1400.0,1500.0,3200.0,10100.0
1500.0,612.0,6900.0,4800.0,3200.0,3000.0
3900.0,503.0,1300.0,17300.0,2800.0,2400.0
1200.0,1300.0,3100.0,3000.0,828.0,1100.0
2800.0,1600.0,1200.0,1800.0,1400.0,618.0
507.0,1900.0,1900.0,964.0,5400.0,3200.0
4400.0,555.0,603.0,2100.0,1800.0,791.0
654.0,1100.0,1000.0,2100.0,1000.0,612.0
1800.0,1500.0,2200.0,1700.0,6800.0,844.0
748.0,437.0,3900.0,4100.0,2200.0,16600.0
5100.0,56500.0,1200.0,1800.0,1200.0,863.0
1100.0,557.0,1300.0,1600.0,827.0,769.0
2400.0,34300.0,1600.0,1400.0,921.0,1200.0
21000.0,940.0,2700.0,5600.0,2900.0,1200.0
9500.0,1100.0,6000.0,2600.0,1100.0,4600.0
1500.0,3000.0,1700.0,1400.0,19200.0,696.0
1400.0,5800.0,945.0,19100.0,640.0,778.0
3700.0,1000.0,1200.0,790.0,4800.0,727.0
2700.0,773.0,3800.0,3000.0,1700.0,978.0
1000.0,2500.0,3400.0,1800.0,1200.0,2100.0
3500.0,638.0,1100.0,6500.0,1500.0,1200.0
927.0,1500.0,2100.0,2300.0,1300.0,852.0
1700.0,851.0,5700.0,2400.0,1100.0,2200.0
1100.0,5100.0,516.0,894.0,3900.0,728.0
1400.0,845.0,533.0,1100.0,987.0,771.0
4500.0,1400.0,960.0,1600.0,1500.0,922.0
19800.0,853.0,8800.0,6500.0,578.0,3100.0
401.0,652.0,1400.0,1000.0,1100.0,900.0
2400.0,872.0,1500.0,2500.0,2900.0,986.0
21000.0,739.0,3400.0,2100.0,1100.0,448.0
1700.0,1200.0,718.0,2000.0,3300.0,1300.0
6400.0,791.0,5900.0,2200.0,621.0,781.0
820.0,5400.0,511.0,1400.0,882.0,619.0
1900.0,1300.0,1400.0,1100.0,462.0,1000.0
734.0,1100.0,612.0,2700.0,1700.0,613.0
1100.0,2600.0,1500.0,1100.0,1400.0,857.0
812.0,3800.0,4200.0,1400.0,1600.0,1000.0
12000.0,740.0,1200.0,1200.0,745.0,2700.0
1400.0,6000.0,27900.0,457.0,3500.0,9000.0
2300.0,1100.0,916.0,3500.0,2100.0,3000.0
694.0,946.0,7400.0,200.0,1400.0,681.0
1400.0,2600.0,3800.0,2900.0,10500.0,4800.0
2100.0,1200.0,25900.0,2000.0,838.0,896.0
1100.0,786.0,671.0,1200.0,1500.0,911.0
992.0,1300.0,1700.0,555.0,1100.0,1300.0
6000.0,716.0,26100.0,4400.0,4600.0,3500.0
927.0,3700.0,1100.0,2100.0,1100.0,3700.0
822.0,11900.0,531.0,1100.0,2300.0,1000.0
49700.0,1100.0,2000.0,2600.0,2300.0,770.0
1300.0,908.0,1200.0,2100.0,1200.0,430.0
1500.0,712.0,1300.0,1300.0,1600.0,875.0
645.0,3800.0,682.0,1200.0,3300.0,1600.0
1500.0,889.0,3500.0,3200.0,554.0,7700.0
562.0,1300.0,2700.0,1900.0,740.0,1500.0
5600.0,824.0,1500.0,2000.0,3200.0,457.0
1100.0,15200.0,2800.0,5700.0,1200.0,627.0
1500.0,828.0,1300.0,1800.0,1200.0,1200.0
1400.0,8100.0,845.0,1500.0,749.0,687.0
7600.0,1200.0,1500.0,1500.0,23500.0,936.0
13000.0,2900.0,8600.0,2800.0,2300.0,791.0
813.0,1500.0,9000.0,1400.0,2600.0,1900.0
937.0,2300.0,8000.0,17900.0,2500.0,926.0
358.0,820.0,963.0,1500.0,1600.0,2300.0
9500.0,123.0,812.0,1600.0,2600.0,507.0
817.0,43700.0,2600.0,1100.0,824.0,1700.0
867.0,6100.0,1300.0,2400.0,1700.0,826.0
2400.0,875.0,7300.0,2800.0,1300.0,782.0
1400.0,2200.0,1900.0,2100.0,1600.0,3800.0
1200.0,984.0,1300.0,3900.0,12000.0,1000.0
1900.0,1300.0,2500.0,3800.0,920.0,1200.0
4300.0,444.0,1000.0,6100.0,2000.0,698.0
2900.0,356.0,719.0,634.0,11600.0,528.0
772.0,1400.0,2900.0,813.0,1400.0,5900.0
629.0,1100.0,808.0,1500.0,20200.0,1500.0
1600.0,856.0,674.0,1500.0,1700.0,1300.0
448.0,6700.0,2200.0,1900.0,1000.0,697.0
1700.0,881.0,524.0,1000.0,11100.0,2200.0
2300.0,1600.0,4900.0,13500.0,1300.0,740.0
2700.0,3000.0,2200.0,2000.0,897.0,805.0
1100.0,11500.0,1100.0,13700.0,519.0,1000.0
3600.0,5700.0,4100.0,3300.0,4800.0,1200.0
2300.0,3400.0,778.0,2300.0,2000.0,1300.0
902.0,667.0,4400.0,1500.0,2300.0,810.0
3200.0,455.0,6000.0,1500.0,1100.0,2200.0
6200.0,18000.0,1000.0,1000.0,5800.0,734.0
948.0,986.0,780.0,5800.0,1800.0,1000.0
3400.0,972.0,663.0,2300.0,2000.0,524.0
1500.0,5400.0,4400.0,1400.0,1500.0,1400.0
2300.0,1400.0,336.0,1900.0,953.0,923.0
1300.0,2300.0,724.0,2700.0,774.0,5400.0
1300.0,7400.0,3200.0,897.0,1400.0,924.0
28400.0,420.0,1000.0,1100.0,3600.0,1100.0
1300.0,1200.0,1800.0,984.0,4800.0,1400.0
3000.0,2300.0,887.0,1900.0,2000.0,45800.0
3700.0,729.0,1500.0,2100.0,788.0,20900.0
12400.0,748.0,2400.0,1400.0,4500.0,1600.0
3800.0,1100.0,11400.0,1400.0,2200.0,645.0
896.0,1100.0,1500.0,6300.0,1700.0,852.0
1900.0,1400.0,530.0,1200.0,793.0,1100.0
945.0,1400.0,2000.0,1400.0,3900.0,1200.0
11500.0,27100.0,918.0,2100.0,11600.0,738.0
3200.0,1300.0,783.0,4600.0,1100.0,761.0
1700.0,4200.0,700.0,1700.0,8600.0,2700.0
12900.0,788.0,1700.0,2400.0,791.0,1600.0
4200.0,986.0,1500.0,837.0,2100.0,883.0
1200.0,612.0,614.0,736.0,7900.0,1400.0
10200.0,857.0,1900.0,991.0,1200.0,1500.0
1200.0,1000.0,623.0,1100.0,1500.0,2000.0
785.0,1200.0,2000.0,1500.0,2500.0,1500.0
1400.0,755.0,2400.0,5500.0,4400.0,857.0
6200.0,33500.0,993.0,1300.0,1300.0,705.0
1100.0,3200.0,473.0,607.0,598.0,8700.0
1900.0,809.0,10300.0,31500.0,4200.0,766.0
922.0,1800.0,5500.0,3300.0,1600.0,725.0
2800.0,1100.0,1500.0,3600.0,1500.0,730.0
1200.0,2200.0,1500.0,2000.0,1200.0,138.0
2600.0,2100.0,2200.0,1600.0,2900.0,1200.0
2200.0,1100.0,918.0,1400.0,930.0,862.0
3000.0,996.0,1400.0,1700.0,971.0,918.0
498.0,2900.0,3900.0,5000.0,1100.0,652.0
844.0,1400.0,488.0,4100.0,924.0,2400.0
228.0,13800.0,597.0,1600.0,1500.0,454.0
1100.0,782.0,1200.0,7900.0,2800.0,1300.0
4100.0,978.0,1200.0,6700.0,1800.0,1800.0
1200.0,897.0,2700.0,1900.0,805.0,5500.0
770.0,708.0,881.0,4200.0,3000.0,7400.0
1100.0,997.0,2900.0,2400.0,1700.0,1500.0
2300.0,2300.0,652.0,1400.0,4400.0,1400.0
976.0,2200.0,1700.0,1600.0,2300.0,1100.0
2400.0,456.0,5900.0,1200.0,6500.0,10500.0
1600.0,1800.0,1400.0,3900.0,2100.0,1200.0
1600.0,2100.0,2600.0,767.0,855.0,556.0
1100.0,760.0,2300.0,1600.0,1300.0,788.0
1100.0,771.0,2200.0,217.0,5100.0,689.0
2300.0,1700.0,3300.0,3800.0,3400.0,549.0
6300.0,1300.0,57200.0,2700.0,1500.0,5300.0
654.0,833.0,794.0,1900.0,3900.0,2400.0
1800.0,964.0,1100.0,1600.0,2000.0,2100.0
2300.0,4000.0,595.0,1300.0,1200.0,10800.0
2900.0,1100.0,491.0,2200.0,2400.0,1100.0
2200.0,731.0,1000.0,3600.0,1500.0,786.0
454.0,1200.0,1900.0,2900.0,3600.0,1400.0
2700.0,5200.0,1200.0,5400.0,1800.0,757.0
1200.0,5500.0,4900.0,2100.0,4100.0,463.0
1100.0,684.0,5500.0,1700.0,2300.0,661.0
1500.0,2900.0,3800.0,1200.0,12200.0,3200.0
599.0,646.0,920.0,11600.0,1900.0,2000.0
2000.0,1100.0,1300.0,2700.0,2500.0,948.0
2600.0,1400.0,1300.0,4200.0,1000.0,907.0
1600.0,992.0,686.0,3900.0,4600.0,2200.0
2500.0,559.0,3100.0,1800.0,1600.0,783.0
1400.0,490.0,923.0,1300.0,1400.0,9400.0
1900.0,889.0,3600.0,2400.0,1100.0,3000.0
5700.0,870.0,33000.0,3700.0,3700.0,415.0
772.0,1300.0,1300.0,642.0,987.0,672.0
6400.0,1700.0,144400.0,1600.0,813.0,1100.0
658.0,15600.0,1000.0,2000.0,1500.0,2900.0
1100.0,1000.0,1200.0,707.0,685.0,952.0
4900.0,17900.0,661.0,712.0,842.0,1400.0
4000.0,1200.0,983.0,3700.0,5100.0,607.0
1700.0,532.0,3000.0,3900.0,3800.0,1000.0
2200.0,600.0,1200.0,7300.0,2000.0,827.0
1900.0,1200.0,237.0,1200.0,3400.0,5600.0
2400.0,4300.0,4700.0,4700.0,3800.0,825.0
949.0,1900.0,1400.0,17900.0,1100.0,1400.0
5800.0,1200.0,3500.0,1900.0,1100.0,1100.0
2100.0,8800.0,2700.0,997.0,1200.0,1500.0
184.0,1200.0,5000.0,13000.0,10700.0,2100.0
546.0,6500.0,1600.0,6200.0,786.0,750.0
3400.0,1300.0,1400.0,6100.0,9500.0,2000.0
7800.0,688.0,11800.0,1700.0,758.0,653.0
1100.0,701.0,916.0,3600.0,5300.0,1000.0
1500.0,1100.0,4200.0,1900.0,5000.0,451.0
1000.0,923.0,1100.0,4300.0,3000.0,2900.0
1400.0,489.0,700.0,8600.0,908.0,607.0
8300.0,4600.0,2500.0,2000.0,805.0,1300.0
2400.0,1200.0,707.0,1200.0,1400.0,785.0
701.0,858.0,684.0,1300.0,1300.0,789.0
2500.0,710.0,2100.0,2200.0,825.0,4300.0
9200.0,1000.0,1600.0,890.0,1600.0,1400.0
11700.0,1500.0,13900.0,1500.0,827.0,3200.0
417.0,1300.0,2700.0,3500.0,1900.0,4500.0
4800.0,1300.0,831.0,919.0,2200.0,785.0
6200.0,1400.0,2200.0,4200.0,1300.0,9500.0
1600.0,4400.0,2000.0,12000.0,1000.0,3400.0
2700.0,1000.0,7300.0,1300.0,1400.0,478.0
2300.0,555.0,1000.0,4800.0,4700.0,1600.0
1900.0,843.0,1300.0,538.0,1700.0,445.0
1000.0,1700.0,1600.0,6100.0,1200.0,877.0
12700.0,681.0,6400.0,3400.0,806.0,1000.0
1100.0,521.0,647.0,1300.0,1900.0,942.0
783.0,511.0,523.0,1600.0,1600.0,791.0
4500.0,846.0,2300.0,2700.0,912.0,5000.0
1100.0,1700.0,1300.0,2700.0,1900.0,1300.0
1400.0,69500.0,658.0,1100.0,3100.0,1700.0
2700.0,1200.0,888.0,6600.0,1300.0,1100.0
3000.0,2000.0,1700.0,3500.0,3500.0,2400.0
2300.0,14400.0,1200.0,688.0,1600.0,1200.0
1700.0,894.0,26800.0,1400.0,2200.0,406.0
859.0,964.0,1700.0,2200.0,830.0,721.0
1200.0,410.0,1500.0,962.0,4400.0,4400.0
949.0,1200.0,695.0,3500.0,3200.0,1400.0
11800.0,834.0,526.0,878.0,511.0,123.0
1300.0,1700.0,870.0,8800.0,7200.0,1300.0
22300.0,1100.0,2900.0,4600.0,2300.0,3000.0
862.0,1000.0,1100.0,2000.0,2500.0,1300.0
2200.0,1100.0,1800.0,24500.0,1300.0,1000.0
3500.0,916.0,3300.0,5100.0,1100.0,2500.0
916.0,727.0,904.0,2800.0,5400.0,111300.0
3100.0,1100.0,1000.0,10400.0,2100.0,667.0
1200.0,1300.0,2000.0,714.0,4800.0,1700.0
1900.0,913.0,1200.0,5700.0,3300.0,1100.0
6400.0,1900.0,1900.0,1500.0,1800.0,787.0
1600.0,1300.0,956.0,531.0,2100.0,734.0
1900.0,2200.0,619.0,2400.0,1000.0,3700.0
2900.0,2600.0,1100.0,2100.0,1000.0,4200.0
11800.0,1300.0,998.0,34500.0,3400.0,1400.0
11400.0,799.0,881.0,1400.0,972.0,3200.0
2300.0,3100.0,1600.0,940.0,12300.0,1900.0
2600.0,8300.0,1200.0,2400.0,743.0,1300.0
1500.0,776.0,1500.0,1600.0,1300.0,1800.0
1400.0,681.0,1000.0,1100.0,1900.0,775.0
1800.0,3800.0,1000.0,1700.0,1500.0,712.0
1200.0,1200.0,4800.0,5300.0,9000.0,143.0
4600.0,3600.0,2900.0,1700.0,1300.0,776.0
1100.0,7800.0,2900.0,1300.0,2600.0,1300.0
10500.0,870.0,2500.0,2700.0,971.0,1600.0
1500.0,1400.0,2000.0,1900.0,632.0,739.0
769.0,3400.0,3800.0,2000.0,4100.0,3900.0
2400.0,573.0,1200.0,3700.0,696.0,991.0
888.0,886.0,767.0,1500.0,1100.0,13500.0
510.0,690.0,1100.0,2200.0,880.0,2100.0
34700.0,896.0,4700.0,723.0,1200.0,7800.0
1100.0,930.0,3800.0,1400.0,11000.0,23100.0
1300.0,1200.0,916.0,5300.0,9700.0,1100.0
4900.0,682.0,1700.0,2000.0,2500.0,1500.0
1100.0,2700.0,563.0,8300.0,569.0,872.0
1200.0,968.0,846.0,407.0,1100.0,852.0
1300.0,3000.0,35400.0,3300.0,6000.0,1400.0
2800.0,1000.0,2600.0,713.0,1500.0,859.0
1700.0,994.0,1400.0,852.0,2100.0,724.0
7600.0,783.0,4300.0,1100.0,1700.0,6000.0
2900.0,1700.0,900.0,5600.0,3800.0,917.0
1100.0,10300.0,3300.0,2200.0,2300.0,1300.0
533.0,2200.0,1300.0,4000.0,4800.0,10000.0
1600.0,537.0,1300.0,6500.0,968.0,476.0
9400.0,1300.0,861.0,12500.0,6300.0,650.0
5300.0,6200.0,2900.0,1700.0,2000.0,896.0
1700.0,808.0,6800.0,2600.0,1500.0,3300.0
928.0,1700.0,1600.0,2000.0,3800.0,9600.0
6000.0,7000.0,2300.0,2400.0,1200.0,482.0
3900.0,11800.0,1700.0,1700.0,5200.0,851.0
2000.0,621.0,6900.0,1100.0,1600.0,779.0
1800.0,662.0,1300.0,10100.0,2600.0,872.0
1200.0,816.0,6300.0,5600.0,1200.0,605.0
13600.0,1200.0,881.0,2700.0,2700.0,864.0
1900.0,2900.0,44700.0,1200.0,812.0,821.0
1000.0,666.0,1200.0,1500.0,7600.0,1600.0
1400.0,1200.0,863.0,2600.0,1300.0,867.0
81200.0,1500.0,4300.0,1900.0,1300.0,2200.0
1600.0,842.0,1300.0,3300.0,7800.0,3800.0
1300.0,1300.0,1400.0,2900.0,15300.0,3000.0
452.0,804.0,1800.0,2700.0,2700.0,1100.0
1100.0,1100.0,1400.0,1200.0,2600.0,1800.0
2200.0,3000.0,2400.0,3400.0,679.0,670.0
10700.0,527.0,2900.0,4800.0,1500.0,2500.0
1100.0,1000.0,1500.0,6600.0,1900.0,4100.0
1600.0,506.0,1200.0,1100.0,1100.0,482.0
5300.0,42400.0,1700.0,901.0,1600.0,936.0
1600.0,829.0,3300.0,1500.0,7200.0,905.0
727.0,616.0,2500.0,816.0,1000.0,972.0
2200.0,427.0,552.0,5600.0,1600.0,1000.0
1100.0,2600.0,3100.0,1300.0,2300.0,7200.0
9000.0,1100.0,993.0,6800.0,12300.0,1200.0
707.0,1600.0,1400.0,1500.0,7800.0,1400.0
1100.0,1200.0,5000.0,890.0,2500.0,755.0
1400.0,1300.0,10000.0,9500.0,1500.0,5300.0
1100.0,1300.0,1600.0,4000.0,3900.0,615.0
580.0,1100.0,1100.0,3200.0,747.0,1100.0
21900.0,1800.0,1200.0,6700.0,882.0,823.0
1100.0,1200.0,1300.0,3200.0,1700.0,962.0
1700.0,1600.0,2000.0,2000.0,713.0,830.0
923.0,30300.0,8000.0,798.0,826.0,10900.0
20400.0,587.0,970.0,1900.0,1200.0,914.0
529.0,671.0,1600.0,2300.0,1300.0,522.0
6700.0,1200.0,1100.0,51900.0,1200.0,1500.0
128.0,55600.0,594.0,17300.0,96100.0,693.0
1600.0,952.0,1600.0,1600.0,671.0,825.0
1300.0,1300.0,2100.0,783.0,1500.0,1200.0
2600.0,1300.0,591.0,1700.0,500.0,2400.0
2000.0,932.0,1400.0,876.0,1600.0,1200.0
1100.0,50600.0,2500.0,1900.0,5100.0,943.0
20500.0,1100.0,2200.0,8600.0,1100.0,794.0
7200.0,1300.0,889.0,1100.0,1600.0,1900.0
7300.0,368.0,4000.0,3900.0,3800.0,1600.0
1100.0,1400.0,396.0,428.0,3700.0,67700.0
583.0,938.0,23100.0,2100.0,1100.0,1300.0
1800.0,590.0,1600.0,860.0,1100.0,1000.0
1900.0,755.0,725.0,2500.0,1600.0,1500.0
1200.0,572.0,2600.0,3300.0,809.0,2000.0
10200.0,862.0,2500.0,3800.0,2000.0,1200.0
1000.0,1300.0,1500.0,923.0,3900.0,23900.0
2100.0,2400.0,1100.0,4100.0,1100.0,1200.0
639.0,4300.0,1200.0,1200.0,899.0,3200.0
40400.0,2600.0,5700.0,26900.0,974.0,795.0
2000.0,868.0,1100.0,909.0,813.0,601.0
1200.0,1100.0,1600.0,2200.0,11400.0,2000.0
1100.0,967.0,619.0,3100.0,1700.0,447.0
628.0,1300.0,973.0,1700.0,5800.0,693.0
782.0,800.0,3100.0,1400.0,1500.0,1200.0
4200.0,982.0,639.0,1500.0,1500.0,939.0
3600.0,4800.0,1800.0,2100.0,1200.0,753.0
1500.0,2500.0,654.0,743.0,1400.0,1400.0
1100.0,1300.0,1100.0,2400.0,786.0,1400.0
1300.0,1000.0,964.0,1800.0,1100.0,1300.0
902.0,1100.0,837.0,1200.0,2600.0,909.0
2300.0,5200.0,669.0,3400.0,9300.0,935.0
612.0,1200.0,1900.0,1800.0,1500.0,702.0
1600.0,5100.0,3900.0,9000.0,1800.0,1500.0
1100.0,1500.0,592.0,3700.0,16600.0,1800.0
5900.0,674.0,864.0,1200.0,6000.0,18200.0
4400.0,4600.0,1100.0,4300.0,2600.0,9100.0
1700.0,949.0,3900.0,2800.0,884.0,1600.0
1200.0,606.0,2600.0,3600.0,4100.0,762.0
1000.0,615.0,655.0,1800.0,39200.0,1100.0
1300.0,772.0,2600.0,1700.0,7700.0,3200.0
1800.0,1200.0,889.0,4100.0,1300.0,5200.0
1100.0,839.0,2700.0,2500.0,2300.0,967.0
1500.0,677.0,1300.0,1400.0,1500.0,725.0
3900.0,765.0,1800.0,1700.0,29700.0,646.0
1200.0,2500.0,1200.0,1400.0,1200.0,868.0
10300.0,1700.0,1100.0,1200.0,2300.0,1300.0
1700.0,13700.0,1400.0,2400.0,1100.0,1300.0
6000.0,1100.0,8400.0,1200.0,2800.0,7700.0
1900.0,910.0,1800.0,2800.0,926.0,850.0
1400.0,1200.0,847.0,1100.0,3600.0,1900.0
1500.0,1100.0,6300.0,2600.0,1800.0,1200.0
3500.0,1300.0,2700.0,1200.0,6200.0,6200.0
4900.0,774.0,1500.0,16200.0,2800.0,1400.0
1800.0,789.0,1100.0,3300.0,3400.0,764.0
3200.0,5600.0,891.0,2400.0,539.0,1600.0
2100.0,760.0,4800.0,2500.0,4300.0,1100.0
5000.0,1800.0,3300.0,5900.0,3800.0,1400.0
1700.0,9700.0,1900.0,1200.0,657.0,248.0
2400.0,643.0,932.0,453.0,2200.0,1300.0
2200.0,638.0,1200.0,849.0,3600.0,868.0
3100.0,6100.0,756.0,4600.0,1900.0,1600.0
93.0,1400.0,1000.0,2700.0,785.0,958.0
10400.0,3200.0,824.0,1400.0,8000.0,1000.0
1100.0,1200.0,937.0,2500.0,2000.0,577.0
1900.0,10900.0,2000.0,2700.0,813.0,2000.0
1300.0,3800.0,994.0,3300.0,1500.0,4500.0
826.0,1500.0,32800.0,2300.0,1300.0,2300.0
1200.0,895.0,943.0,3800.0,1900.0,1700.0
2400.0,1400.0,736.0,967.0,2000.0,1600.0
4900.0,2800.0,12900.0,2500.0,1000.0,1100.0
823.0,1400.0,1400.0,11100.0,1600.0,1500.0
4100.0,1900.0,905.0,992.0,1700.0,859.0
2000.0,2700.0,425.0,4100.0,1500.0,4400.0
7600.0,773.0,939.0,2200.0,1200.0,1600.0
1300.0,1100.0,1200.0,1100.0,2400.0,1100.0
9800.0,4300.0,47800.0,4600.0,3800.0,2000.0
6400.0,2400.0,1700.0,12200.0,2300.0,596.0
752.0,1200.0,2600.0,1700.0,4700.0,566.0
999.0,4200.0,1100.0,1900.0,3900.0,1300.0
54900.0,916.0,727.0,3200.0,1700.0,1800.0
139600.0,3000.0,3400.0,1100.0,1200.0,718.0
1500.0,777.0,1400.0,2700.0,1100.0,1000.0
1800.0,395.0,1500.0,3200.0,1600.0,980.0
5000.0,262.0,3700.0,1700.0,878.0,768.0
23900.0,7800.0,826.0,1600.0,3600.0,585.0
1600.0,6400.0,1400.0,1200.0,1700.0,829.0
5500.0,6000.0,1100.0,2000.0,1200.0,577.0
2000.0,2600.0,12400.0,2600.0,2500.0,1000.0
7000.0,4100.0,2000.0,1200.0,1100.0,2300.0
196700.0,1500.0,1200.0,1000.0,1700.0,2600.0
13500.0,1200.0,2200.0,731.0,2600.0,2400.0
15000.0,928.0,1400.0,2200.0,638.0,2100.0
1200.0,1400.0,683.0,6900.0,3300.0,9600.0
11400.0,838.0,1400.0,1500.0,1900.0,4600.0
1300.0,669.0,917.0,2200.0,22800.0,2800.0
2500.0,664.0,730.0,4300.0,1100.0,956.0
855.0,965.0,962.0,2200.0,1500.0,1100.0
1100.0,1300.0,2200.0,5200.0,1600.0,3900.0
1900.0,1100.0,792.0,2300.0,1700.0,2600.0
6000.0,1100.0,790.0,1000.0,1100.0,969.0
998.0,932.0,1600.0,1200.0,1800.0,1100.0
910.0,595.0,1500.0,3700.0,4300.0,609.0
17900.0,9600.0,515.0,3700.0,1000.0,905.0
1400.0,3400.0,1100.0,1300.0,2200.0,54.0
1200.0,1500.0,1800.0,911.0,3000.0,841.0
1100.0,697.0,985.0,5300.0,2500.0,1400.0
3300.0,685.0,668.0,1900.0,1400.0,749.0
1400.0,582.0,1400.0,4900.0,1400.0,3900.0
1300.0,722.0,1000.0,1300.0,1500.0,1100.0
615.0,1100.0,2200.0,3200.0,773.0,993.0
4000.0,1100.0,787.0,2200.0,2800.0,574.0
7500.0,15000.0,1900.0,5000.0,9300.0,909.0
1400.0,1000.0,956.0,1400.0,2400.0,4300.0
1200.0,847.0,3400.0,3600.0,1500.0,2600.0
2000.0,1200.0,1600.0,5800.0,2700.0,805.0
3600.0,1300.0,2200.0,10400.0,1000.0,1300.0
310.0,6200.0,3800.0,880.0,943.0,1100.0
2900.0,1100.0,45400.0,1500.0,5800.0,1000.0
5900.0,1100.0,4300.0,389.0,4300.0,863.0
1500.0,954.0,979.0,15000.0,1400.0,553.0
990.0,4400.0,710.0,894.0,2300.0,461.0
1800.0,1200.0,1400.0,2900.0,594.0,1000.0
1200.0,596.0,1600.0,3400.0,909.0,869.0
1600.0,2600.0,1100.0,1600.0,1800.0,732.0
726.0,5900.0,5600.0,1500.0,2900.0,1200.0
8000.0,710.0,2300.0,1300.0,1500.0,1700.0
882.0,730.0,942.0,4300.0,8100.0,1500.0
1300.0,1800.0,935.0,1500.0,844.0,1200.0
1700.0,1200.0,1200.0,2400.0,4100.0,1200.0
975.0,2100.0,1400.0,1300.0,3700.0,611.0
5100.0,1200.0,3000.0,5400.0,2400.0,816.0
2500.0,1100.0,711.0,2300.0,1400.0,3500.0
1000.0,1700.0,1300.0,12700.0,1200.0,812.0
756.0,879.0,1900.0,782.0,2400.0,18400.0
1200.0,783.0,358.0,6900.0,862.0,1400.0
2200.0,1100.0,1800.0,1600.0,2600.0,730.0
1000.0,943.0,1200.0,2300.0,1400.0,2300.0
2100.0,1100.0,1100.0,4700.0,2600.0,750.0
1600.0,688.0,2000.0,3600.0,5300.0,1200.0
9100.0,1700.0,726.0,1700.0,104100.0,2100.0
828.0,1200.0,4500.0,29000.0,1400.0,694.0
14800.0,1400.0,377.0,1500.0,1200.0,941.0
1800.0,509.0,3200.0,1100.0,1500.0,783.0
12000.0,981.0,1100.0,3900.0,10100.0,1200.0
1800.0,788.0,474.0,2400.0,1400.0,919.0
324.0,1500.0,1200.0,4100.0,880.0,1900.0
1200.0,2100.0,956.0,1300.0,2800.0,2200.0
2000.0,1000.0,430.0,2300.0,3800.0,995.0
618.0,396.0,2700.0,2000.0,1700.0,2700.0
1400.0,2900.0,12500.0,3200.0,1200.0,3900.0
884.0,8100.0,713.0,1800.0,8300.0,1400.0
1800.0,2100.0,652.0,1800.0,1100.0,1100.0
2000.0,1500.0,3800.0,2000.0,2500.0,1200.0
1200.0,864.0,858.0,32700.0,1600.0,4300.0
1700.0,488.0,1200.0,1100.0,1200.0,1000.0
1500.0,1700.0,1100.0,16300.0,1700.0,7200.0
6200.0,709.0,2400.0,1800.0,1300.0,5400.0
1700.0,778.0,3800.0,2900.0,7300.0,1700.0
654.0,12900.0,1500.0,8400.0,1700.0,1600.0
2100.0,893.0,4600.0,2400.0,2800.0,890.0
1500.0,1000.0,10300.0,985.0,1800.0,1000.0
3600.0,612.0,1000.0,1700.0,1000.0,2800.0
26500.0,2000.0,707.0,4700.0,947.0,653.0
1300.0,1500.0,770.0,1400.0,3300.0,802.0
1800.0,523.0,2000.0,2900.0,1100.0,1200.0
2800.0,786.0,974.0,11300.0,2500.0,1100.0
958.0,4100.0,5800.0,2900.0,1500.0,2500.0
731.0,992.0,869.0,4600.0,2100.0,739.0
1600.0,946.0,1400.0,1100.0,2900.0,663.0
3000.0,10500.0,1500.0,7000.0,609.0,1100.0
923.0,4800.0,3800.0,817.0,1600.0,1800.0
3700.0,5600.0,1400.0,2600.0,1100.0,1300.0
564.0,795.0,3600.0,5000.0,2700.0,921.0
1300.0,811.0,3900.0,1000.0,1200.0,1700.0
2500.0,600.0,1300.0,1200.0,1900.0,5000.0
755.0,826.0,761.0,6300.0,924.0,255.0
2200.0,8900.0,1700.0,1100.0,619.0,847.0
890.0,606.0,1600.0,2800.0,1800.0,986.0
821.0,1700.0,885.0,5600.0,3400.0,1900.0
610.0,1700.0,5800.0,1500.0,967.0,1500.0
1400.0,626.0,1300.0,35300.0,1400.0,751.0
2900.0,817.0,728.0,1700.0,989.0,1900.0
744.0,1000.0,686.0,1800.0,1600.0,9200.0
826.0,788.0,7600.0,2000.0,2800.0,1200.0
3500.0,1400.0,7800.0,1400.0,2000.0,1600.0
1500.0,949.0,1000.0,1600.0,1700.0,1400.0
5300.0,694.0,645.0,2400.0,6500.0,1200.0
3100.0,700.0,2300.0,963.0,3500.0,807.0
444.0,1300.0,636.0,3100.0,816.0,776.0
1300.0,5600.0,588.0,4300.0,2100.0,2500.0
2400.0,1100.0,1500.0,9300.0,1200.0,971.0
1900.0,864.0,3100.0,1700.0,6700.0,1700.0
906.0,897.0,3700.0,2700.0,2700.0,715.0
1700.0,6200.0,9800.0,6300.0,1400.0,7600.0
6600.0,1200.0,1300.0,9200.0,1200.0,862.0
5300.0,1200.0,878.0,1700.0,9200.0,1100.0
1200.0,1300.0,1300.0,1700.0,710.0,938.0
14300.0,2300.0,3700.0,4500.0,1800.0,952.0
2000.0,977.0,1900.0,1100.0,1700.0,2000.0
3800.0,1800.0,1200.0,1600.0,8000.0,703.0
2300.0,954.0,2600.0,3000.0,9100.0,1200.0
736.0,2300.0,924.0,2300.0,1800.0,955.0
2500.0,557.0,2600.0,1000.0,2500.0,950.0
960.0,1300.0,2900.0,2400.0,1900.0,859.0
1800.0,3200.0,13400.0,3400.0,1600.0,1200.0
840.0,851.0,1900.0,1100.0,1100.0,9100.0
4500.0,590.0,898.0,1400.0,10400.0,1800.0
1000.0,4100.0,12300.0,1800.0,3300.0,752.0
1900.0,23600.0,1600.0,971.0,6500.0,1200.0
1000.0,5900.0,891.0,5300.0,1200.0,824.0
6600.0,6200.0,1600.0,1300.0,8000.0,717.0
932.0,758.0,5900.0,1600.0,878.0,825.0
2700.0,1200.0,1200.0,12000.0,1800.0,2800.0
5700.0,1800.0,798.0,1100.0,1600.0,408.0
1200.0,883.0,729.0,4000.0,477.0,1500.0
258.0,1000.0,786.0,2100.0,2100.0,6100.0
1000.0,1300.0,1300.0,2800.0,1400.0,2000.0
1700.0,1600.0,9100.0,4800.0,1800.0,1800.0
4900.0,1100.0,9600.0,6100.0,1500.0,1100.0
1500.0,739.0,7500.0,4800.0,939.0,639.0
873.0,1100.0,2700.0,5100.0,3500.0,1100.0
1300.0,1400.0,998.0,1800.0,6800.0,713.0
16100.0,639.0,1600.0,1600.0,908.0,945.0
1100.0,742.0,838.0,3100.0,1200.0,1700.0
1100.0,1100.0,781.0,3900.0,1200.0,1100.0
13700.0,654.0,2000.0,1300.0,2000.0,2600.0
8300.0,1200.0,1600.0,1800.0,1900.0,1700.0
1100.0,5100.0,2100.0,1800.0,2200.0,3600.0
2700.0,6600.0,1400.0,5800.0,1800.0,3700.0
1100.0,1400.0,3200.0,3700.0,7400.0,1200.0
6300.0,14700.0,2200.0,775.0,927.0,731.0
3000.0,771.0,1600.0,3800.0,1100.0,9700.0
1000.0,1100.0,9600.0,17100.0,1900.0,491.0
3800.0,722.0,1900.0,2000.0,1100.0,1200.0
2200.0,2000.0,1000.0,6900.0,2700.0,15700.0
27200.0,860.0,809.0,4800.0,942.0,741.0
1700.0,382.0,5800.0,2100.0,4900.0,597.0
1500.0,1400.0,4700.0,2100.0,7300.0,940.0
1300.0,1800.0,2100.0,1500.0,1100.0,1100.0
811.0,1300.0,3400.0,10600.0,3800.0,1400.0
1300.0,757.0,3000.0,3000.0,1100.0,2100.0
1100.0,2500.0,1700.0,3800.0,11500.0,532.0
2800.0,1300.0,894.0,1900.0,2100.0,828.0
1900.0,1400.0,1300.0,3100.0,1200.0,1700.0
1200.0,484.0,2000.0,3200.0,1300.0,815.0
860.0,1600.0,574.0,1700.0,2100.0,1600.0
2500.0,875.0,1000.0,690.0,2200.0,1300.0
2300.0,827.0,10200.0,2400.0,5000.0,591.0
5800.0,15700.0,1300.0,2900.0,3400.0,3000.0
971.0,1000.0,8800.0,2300.0,1200.0,1800.0
613.0,568.0,1100.0,1300.0,2000.0,894.0
2600.0,6600.0,1100.0,2700.0,2100.0,854.0
1200.0,978.0,1600.0,6700.0,1600.0,1600.0
1600.0,6900.0,630.0,1800.0,1400.0,1600.0
1200.0,1600.0,2000.0,2400.0,5900.0,720.0
1700.0,18800.0,2100.0,1900.0,1400.0,1600.0
4900.0,681.0,1400.0,1500.0,2400.0,1700.0
1600.0,1800.0,640.0,19700.0,2400.0,888.0
6400.0,913.0,777.0,1900.0,2000.0,715.0
1300.0,897.0,19700.0,1600.0,1100.0,853.0
2200.0,5700.0,943.0,3700.0,1200.0,614.0
3400.0,4200.0,3100.0,951.0,1800.0,3000.0
1300.0,2100.0,2700.0,1200.0,1300.0,878.0
737.0,6400.0,682.0,2500.0,1900.0,769.0
2500.0,581.0,1500.0,4700.0,1400.0,3400.0
3700.0,1900.0,876.0,1200.0,1000.0,1200.0
1300.0,880.0,1900.0,2300.0,3800.0,1400.0
4300.0,1400.0,960.0,2400.0,3700.0,760.0
984.0,570.0,3700.0,3000.0,1900.0,6000.0
2000.0,750.0,3100.0,1300.0,1800.0,883.0
3400.0,1000.0,838.0,3000.0,2100.0,4200.0
602.0,1900.0,2700.0,9100.0,8000.0,689.0
4100.0,3900.0,1400.0,758.0,5500.0,1100.0
27700.0,3700.0,901.0,7400.0,900.0,1100.0
3700.0,1600.0,1200.0,2700.0,7900.0,951.0
2100.0,1100.0,1100.0,1400.0,2400.0,925.0
1800.0,744.0,110200.0,4600.0,1500.0,731.0
876.0,2400.0,2300.0,8700.0,2800.0,1100.0
3400.0,1000.0,2700.0,11500.0,1200.0,1800.0
997.0,1100.0,2000.0,5800.0,1900.0,870.0
26400.0,2600.0,392.0,2600.0,2000.0,759.0
1300.0,485.0,1400.0,1600.0,6600.0,1100.0
4200.0,1100.0,5100.0,2900.0,1700.0,2000.0
1400.0,898.0,374.0,12000.0,1500.0,4500.0
2300.0,3800.0,2700.0,1700.0,18100.0,1100.0
1000.0,1600.0,1200.0,5900.0,2300.0,688.0
5700.0,1000.0,1200.0,770.0,1600.0,758.0
1500.0,516.0,876.0,1200.0,862.0,20400.0
3700.0,448.0,787.0,479.0,3700.0,1800.0
447.0,542.0,1300.0,1500.0,987.0,14900.0
8800.0,1300.0,2200.0,4800.0,1300.0,942.0
383.0,1700.0,946.0,5300.0,1200.0,6400.0
766.0,1300.0,1100.0,2300.0,2500.0,1500.0
3000.0,1500.0,626.0,7900.0,1700.0,918.0
804.0,1800.0,1300.0,1200.0,1000.0,893.0
1200.0,183.0,1800.0,9700.0,1200.0,82.0
892.0,4000.0,3200.0,8400.0,1900.0,1400.0
11000.0,1800.0,1800.0,3900.0,2600.0,936.0
1700.0,1300.0,949.0,3400.0,1900.0,3200.0
2100.0,2400.0,1700.0,2800.0,14800.0,799.0
1300.0,1700.0,1800.0,2900.0,1900.0,884.0
7100.0,1200.0,1600.0,1800.0,888.0,1800.0
1700.0,7000.0,12200.0,1900.0,5100.0,1300.0
716.0,10900.0,534.0,23500.0,554.0,901.0
1600.0,675.0,10900.0,1400.0,7000.0,1400.0
916.0,878.0,737.0,5200.0,2500.0,4100.0
706.0,849.0,18900.0,1500.0,853.0,925.0
1200.0,881.0,1000.0,4500.0,2500.0,862.0
587.0,543.0,698.0,1400.0,1300.0,11100.0
5500.0,560.0,7300.0,1400.0,3200.0,1000.0
6300.0,718.0,1300.0,2400.0,845.0,1600.0
3100.0,1400.0,2500.0,2500.0,1100.0,1100.0
1400.0,12600.0,1100.0,13700.0,2200.0,114.0
5600.0,438.0,867.0,4900.0,1300.0,861.0
5100.0,818.0,1200.0,4100.0,853.0,20000.0
1500.0,728.0,2100.0,1200.0,1300.0,2000.0
1700.0,2100.0,1300.0,1400.0,2000.0,994.0
377.0,468.0,1200.0,3100.0,2900.0,1200.0
3000.0,909.0,2100.0,6000.0,1400.0,579.0
686.0,665.0,715.0,1500.0,655.0,597.0
1700.0,1400.0,750.0,5700.0,1400.0,1700.0
1500.0,1200.0,790.0,2200.0,4000.0,726.0
971.0,2500.0,6700.0,759.0,1600.0,1500.0
2900.0,856.0,2600.0,2000.0,1000.0,892.0
1200.0,1600.0,1900.0,3700.0,2900.0,1500.0
1300.0,2600.0,1500.0,398.0,2700.0,704.0
891.0,1300.0,2100.0,3200.0,1200.0,1400.0
570.0,2800.0,1100.0,2200.0,1800.0,2900.0
935.0,729.0,1300.0,4300.0,3400.0,981.0
4800.0,952.0,1200.0,2600.0,1000.0,769.0
2900.0,1400.0,1600.0,1600.0,1700.0,702.0
1300.0,477.0,949.0,3000.0,974.0,727.0
1500.0,808.0,1000.0,1200.0,1700.0,1800.0
1300.0,3200.0,1300.0,9900.0,1100.0,1600.0
1400.0,903.0,1900.0,2800.0,3600.0,891.0
1400.0,1100.0,1200.0,1400.0,2100.0,957.0
591.0,851.0,992.0,3700.0,10700.0,709.0
1600.0,2200.0,451.0,1100.0,5000.0,1100.0
1300.0,860.0,954.0,2600.0,1000.0,972.0
471.0,1000.0,6100.0,2100.0,1600.0,4300.0
1300.0,1000.0,1000.0,9700.0,951.0,1800.0
1100.0,942.0,2800.0,1100.0,627.0,2100.0
970.0,1300.0,1500.0,2100.0,1300.0,162.0
5700.0,109.0,1300.0,828.0,2600.0,266.0
1400.0,3700.0,702.0,1100.0,1400.0,708.0
4200.0,2800.0,879.0,1500.0,1700.0,706.0
5400.0,672.0,925.0,5100.0,2200.0,1700.0
1300.0,1600.0,830.0,4200.0,5500.0,851.0
1700.0,2900.0,3500.0,1800.0,1600.0,1800.0
891.0,3000.0,1700.0,2900.0,1000.0,1200.0
2900.0,16000.0,1700.0,1800.0,657.0,2300.0
1200.0,920.0,1400.0,1500.0,1000.0,1700.0
2700.0,2800.0,1200.0,1400.0,2000.0,1100.0
6500.0,1000.0,694.0,1800.0,2900.0,1200.0
7900.0,884.0,1400.0,884.0,5000.0,816.0
16800.0,16100.0,1400.0,1300.0,8400.0,877.0
1200.0,711.0,2000.0,3200.0,1300.0,1500.0
1200.0,989.0,895.0,976.0,1200.0,3100.0
1100.0,27300.0,13400.0,1000.0,2600.0,2600.0
4300.0,4100.0,1200.0,655.0,2600.0,1300.0
1500.0,893.0,832.0,3100.0,1500.0,80.0
3300.0,491.0,3100.0,1900.0,1100.0,459.0
1700.0,1100.0,971.0,2800.0,1100.0,1100.0
5900.0,1300.0,17100.0,1400.0,866.0,793.0
2400.0,8200.0,1300.0,1600.0,1400.0,577.0
1000.0,606.0,771.0,1100.0,1400.0,815.0
553.0,832.0,998.0,4600.0,8000.0,703.0
981.0,991.0,2000.0,1900.0,1200.0,13900.0
2000.0,566.0,817.0,1400.0,1200.0,740.0
7500.0,658.0,386.0,1600.0,1400.0,2700.0
1600.0,1600.0,614.0,2100.0,2200.0,772.0
957.0,6400.0,1300.0,9900.0,2100.0,668.0
1700.0,4300.0,3800.0,3500.0,2900.0,879.0
1100.0,7800.0,1400.0,2400.0,2300.0,984.0
1200.0,869.0,1200.0,910.0,24400.0,971.0
11500.0,1500.0,1400.0,4700.0,905.0,1000.0
831.0,1500.0,3800.0,4300.0,1900.0,1300.0
18300.0,1000.0,751.0,10700.0,4400.0,862.0
2800.0,923.0,576.0,2500.0,1600.0,693.0
343.0,955.0,1000.0,2900.0,3300.0,890.0
6500.0,1500.0,1300.0,616.0,1200.0,1300.0
1300.0,13200.0,1100.0,2800.0,2400.0,3000.0
2400.0,640.0,1800.0,365.0,1500.0,982.0
1200.0,1600.0,4000.0,8300.0,8100.0,1300.0
1500.0,1000.0,1200.0,2200.0,7400.0,7100.0
6900.0,1000.0,2000.0,566.0,1700.0,5400.0
5100.0,462.0,906.0,8200.0,2600.0,655.0
811.0,1500.0,1000.0,989.0,757.0,5700.0
942.0,3300.0,997.0,1700.0,2400.0,1400.0
1200.0,3200.0,1100.0,2400.0,1600.0,958.0
2800.0,350.0,7400.0,1600.0,1100.0,1100.0
902.0,587.0,714.0,1300.0,4500.0,666.0
2800.0,850.0,5000.0,3000.0,1400.0,1200.0
1300.0,2000.0,1800.0,9300.0,4600.0,982.0
1200.0,1400.0,4500.0,4100.0,13200.0,1900.0
2100.0,2600.0,882.0,4100.0,1400.0,750.0
1400.0,2500.0,825.0,1300.0,1100.0,1500.0
445.0,512.0,787.0,1600.0,6200.0,833.0
1000.0,1200.0,3000.0,1100.0,2200.0,2900.0
6200.0,8700.0,2200.0,2800.0,1100.0,5000.0
1300.0,768.0,5700.0,1100.0,7600.0,6800.0
6000.0,1200.0,4200.0,1800.0,1300.0,1300.0
1500.0,923.0,501.0,1000.0,3500.0,828.0
1600.0,498.0,4200.0,8300.0,1200.0,1300.0
4500.0,707.0,1300.0,1200.0,526.0,833.0
20800.0,1100.0,2500.0,4000.0,2600.0,1200.0
1200.0,2500.0,1200.0,4600.0,445.0,6400.0
895.0,1100.0,5000.0,4700.0,1300.0,3500.0
2000.0,1700.0,3600.0,1600.0,6500.0,373.0
442.0,34100.0,7500.0,1300.0,3400.0,818.0
7600.0,2600.0,959.0,14300.0,845.0,1100.0
7500.0,580.0,576.0,1600.0,1400.0,1100.0
3600.0,802.0,1400.0,1700.0,1200.0,998.0
1900.0,1200.0,1700.0,3800.0,3000.0,860.0
2100.0,562.0,51500.0,987.0,1600.0,1400.0
2500.0,11200.0,1400.0,4100.0,2200.0,1400.0
446.0,1100.0,1500.0,3100.0,2900.0,3900.0
3500.0,1500.0,994.0,2900.0,1300.0,1100.0
1300.0,10700.0,2500.0,2700.0,2100.0,653.0
5000.0,630.0,1700.0,3600.0,1800.0,500.0
1200.0,3700.0,4900.0,1100.0,842.0,565.0
3500.0,551.0,1700.0,14200.0,480.0,1300.0
6100.0,763.0,1100.0,2600.0,840.0,1000.0
2400.0,728.0,1300.0,3700.0,640.0,1500.0
771.0,938.0,872.0,2100.0,1200.0,1900.0
560.0,3600.0,1400.0,2800.0,913.0,884.0
2500.0,953.0,805.0,1800.0,1000.0,1200.0
2100.0,1600.0,2000.0,6000.0,17800.0,10200.0
1200.0,1200.0,3300.0,3600.0,3400.0,1100.0
12400.0,2500.0,675.0,12400.0,1000.0,11900.0
626.0,695.0,1100.0,2100.0,17300.0,1300.0
1000.0,874.0,1300.0,2600.0,4400.0,1300.0
4700.0,1000.0,8500.0,3000.0,2400.0,538.0
3500.0,1100.0,4700.0,7500.0,5100.0,992.0
1900.0,1200.0,835.0,4500.0,2500.0,853.0
4100.0,1000.0,3500.0,1700.0,18800.0,1500.0
1900.0,830.0,4800.0,2400.0,853.0,3100.0
4000.0,4200.0,1100.0,255.0,1100.0,435.0
2400.0,917.0,7800.0,1700.0,2600.0,1600.0
1700.0,2000.0,2300.0,262.0,927.0,1300.0
3600.0,2200.0,1800.0,1300.0,1100.0,1300.0
1700.0,3700.0,1900.0,1100.0,776.0,966.0
965.0,1100.0,662.0,2900.0,2300.0,1300.0
923.0,1100.0,2400.0,1600.0,1400.0,402.0
1300.0,792.0,4200.0,13700.0,863.0,604.0
3200.0,798.0,1800.0,2800.0,3900.0,664.0
1600.0,1300.0,905.0,2000.0,679.0,1500.0
1100.0,958.0,937.0,3600.0,642.0,10700.0
1800.0,600.0,1400.0,1600.0,1500.0,1200.0
